{
    "ARP":	0,
    "DEG_TO_RAD":	0.017453292519943295,
    "G":	9.8,
    "PLANE_ID":	0,
    "RAD_TO_DEG":	57.29577951308232,
    "SIM_FREQ":	200,
    "TIME_STEP":	0.005,
    "action_history":	"deque([], maxlen=1)",
    "action_space":	"Already dumped elsewhere (stop recursion)",
    "agent_params":	{
        "aggregate_phy_steps":	2,
        "control_mode":	"PWM",
        "latency":	0.015,
        "motor_thrust_noise":	0.05,
        "motor_time_constant":	0.08,
        "time_step":	0.005
    },
    "aggregate_phy_steps":	2,
    "bc":	"pybullet",
    "debug":	false,
    "domain_randomization":	0.1,
    "drone":	"Already dumped elsewhere (stop recursion)",
    "drone_model":	"cf21x_bullet",
    "enable_reset_distribution":	true,
    "exp_name":	"DroneHoverBulletEnv-v0/ppo",
    "g":	9.8,
    "gyro_lpf":	"Already dumped elsewhere (stop recursion)",
    "init_quaternion":	"[0. 0. 0. 1.]",
    "init_rpy":	"[0. 0. 0.]",
    "init_rpy_dot":	"[0. 0. 0.]",
    "init_xyz":	"[0. 0. 1.]",
    "init_xyz_dot":	"[0. 0. 0.]",
    "input_parameters":	{
        "aggregate_phy_steps":	2,
        "control_mode":	"PWM",
        "debug":	false,
        "domain_randomization":	0.1,
        "drone_model":	"cf21x_bullet",
        "enable_reset_distribution":	true,
        "init_rpy":	"[0. 0. 0.]",
        "init_rpy_dot":	"[0. 0. 0.]",
        "init_xyz":	"[0. 0. 1.]",
        "init_xyz_dot":	"[0. 0. 0.]",
        "kwargs":	{},
        "latency":	0.015,
        "motor_thrust_noise":	0.05,
        "motor_time_constant":	0.08,
        "observation_frequency":	100,
        "observation_history_size":	1,
        "observation_noise":	1,
        "physics":	"PyBulletPhysics",
        "render_mode":	null,
        "self":	{
            "<DroneHoverBulletEnv<DroneHoverBulletEnv-v0>>":	{
                "ARP":	0,
                "DEG_TO_RAD":	0.017453292519943295,
                "G":	9.8,
                "PLANE_ID":	0,
                "RAD_TO_DEG":	57.29577951308232,
                "SIM_FREQ":	200,
                "TIME_STEP":	0.005,
                "action_history":	"deque([], maxlen=1)",
                "action_space":	{
                    "Box(-1.0, 1.0, (4,), float32)":	{
                        "_np_random":	null,
                        "_shape":	[
                            4
                        ],
                        "bounded_above":	"[ True  True  True  True]",
                        "bounded_below":	"[ True  True  True  True]",
                        "dtype":	"float32",
                        "high":	"[1. 1. 1. 1.]",
                        "high_repr":	"1.0",
                        "low":	"[-1. -1. -1. -1.]",
                        "low_repr":	"-1.0"
                    }
                },
                "agent_params":	{
                    "aggregate_phy_steps":	2,
                    "control_mode":	"PWM",
                    "latency":	0.015,
                    "motor_thrust_noise":	0.05,
                    "motor_time_constant":	0.08,
                    "time_step":	0.005
                },
                "aggregate_phy_steps":	2,
                "bc":	"pybullet",
                "debug":	false,
                "domain_randomization":	0.1,
                "drone":	{
                    "<phoenix_drone_simulation.envs.agents.CrazyFlieBulletAgent object at 0x72de05a65a30>":	{
                        "A":	"[0.9375 0.9375 0.9375 0.9375]",
                        "B":	"[0.0625 0.0625 0.0625 0.0625]",
                        "COLLISION_H":	0.025,
                        "COLLISION_R":	0.06,
                        "COLLISION_SHAPE_OFFSETS":	[
                            0.0,
                            0.0,
                            0.0
                        ],
                        "COLLISION_Z_OFFSET":	0.0,
                        "DISPLAY_LOCAL_FRAME":	true,
                        "DRAG_COEFF":	"[9.1785e-07 9.1785e-07 1.0311e-06]",
                        "DRAG_COEFF_XY":	9.1785e-07,
                        "DRAG_COEFF_Z":	1.0311e-06,
                        "DW_COEFF_1":	2267.18,
                        "DW_COEFF_2":	0.16,
                        "DW_COEFF_3":	-0.11,
                        "FORCE_TORQUE_FACTOR_0":	1.56e-05,
                        "FORCE_TORQUE_FACTOR_1":	0.00596,
                        "G":	9.81,
                        "GND_EFF_COEFF":	11.36859,
                        "GND_EFF_H_CLIP":	3.6893243909044878e-06,
                        "GRAVITY":	0.2943,
                        "HOVER_ACTION":	0.11111111111111116,
                        "HOVER_X":	0.7453559924999299,
                        "IXX":	1.33e-05,
                        "IYY":	1.33e-05,
                        "IZZ":	2.64e-05,
                        "J":	"[[1.33e-05 0.00e+00 0.00e+00]\n [0.00e+00 1.33e-05 0.00e+00]\n [0.00e+00 0.00e+00 2.64e-05]]",
                        "J_INV":	"[[75187.96992481     0.             0.        ]\n [    0.         75187.96992481     0.        ]\n [    0.             0.         37878.78787879]]",
                        "K":	0.132435,
                        "KF":	3.16e-10,
                        "KM":	7.94e-12,
                        "L":	0.0397,
                        "LATENCY":	0.015,
                        "M":	0.03,
                        "MAX_RPM":	1.0,
                        "MAX_SPEED_KMH":	30.0,
                        "MAX_THRUST":	0.132435,
                        "MAX_TORQUE":	0.0007893126,
                        "MOTOR_THRUST_NOISE":	0.05,
                        "MOTOR_TIME_CONSTANT":	0.08,
                        "PROP_RADIUS":	0.0231348,
                        "PWMs":	"[0. 0. 0. 0.]",
                        "T":	0.08,
                        "THRUST2WEIGHT_RATIO":	1.8,
                        "TIME_STEP":	0.005,
                        "T_s":	0.005,
                        "act_dim":	4,
                        "action_buffer":	"[[0. 0. 0. 0.]\n [0. 0. 0. 0.]]",
                        "action_idx":	0,
                        "aggregate_phy_steps":	2,
                        "axis_x":	-1,
                        "axis_y":	-1,
                        "axis_z":	-1,
                        "bc":	"pybullet",
                        "body_unique_id":	2,
                        "buf_size":	2,
                        "color":	"[1. 1. 1. 1.]",
                        "control":	{
                            "<phoenix_drone_simulation.envs.control.PWM object at 0x72de05a659a0>":	{
                                "bc":	"pybullet",
                                "control_counter":	0,
                                "drone":	"Already dumped elsewhere (stop recursion)",
                                "time_step":	0.005
                            }
                        },
                        "control_loop_freq":	100,
                        "debug":	false,
                        "file_name":	"cf21x_bullet.urdf",
                        "file_name_path":	"/home/sagar/ws/phoenix-drone-simulation/phoenix_drone_simulation/envs/assets/cf21x_bullet.urdf",
                        "fixed_base":	0,
                        "force_torque_factor_0":	1.56e-05,
                        "force_torque_factor_1":	0.00596,
                        "global_scaling":	1,
                        "kf":	3.16e-10,
                        "km":	7.94e-12,
                        "last_action":	"[0. 0. 0. 0.]",
                        "latency":	0.015,
                        "m":	0.03,
                        "name":	"CrazyFlie2.1X",
                        "obs_dim":	22,
                        "quaternion":	"[0. 0. 0. 1.]",
                        "rpy":	"[0. 0. 0.]",
                        "rpy_dot":	"[0. 0. 0.]",
                        "self_collision":	false,
                        "thrust_noise":	{
                            "<phoenix_drone_simulation.envs.utils.OUNoise object at 0x72de05b7ef40>":	{
                                "action_dimension":	4,
                                "mu":	0,
                                "sigma":	0.010000000000000002,
                                "state":	"[0. 0. 0. 0.]",
                                "theta":	0.15
                            }
                        },
                        "thrust_to_weight_ratio":	1.8,
                        "time_step":	0.005,
                        "use_latency":	true,
                        "use_motor_dynamics":	true,
                        "verbose":	false,
                        "visible":	true,
                        "x":	"[0. 0. 0. 0.]",
                        "xyz":	"[0. 0. 1.]",
                        "xyz_dot":	"[0. 0. 0.]",
                        "y":	"[0. 0. 0. 0.]"
                    }
                },
                "drone_model":	"cf21x_bullet",
                "enable_reset_distribution":	true,
                "g":	9.8,
                "gyro_lpf":	{
                    "<phoenix_drone_simulation.envs.utils.LowPassFilter object at 0x72de05a658e0>":	{
                        "K":	1.0,
                        "T":	0.01,
                        "T_s":	0.005,
                        "_x":	"[ 0.01791991 -0.03374349  0.00859126]"
                    }
                },
                "init_quaternion":	"[0. 0. 0. 1.]",
                "init_rpy":	"[0. 0. 0.]",
                "init_rpy_dot":	"[0. 0. 0.]",
                "init_xyz":	"[0. 0. 1.]",
                "init_xyz_dot":	"[0. 0. 0.]",
                "input_parameters":	{
                    "aggregate_phy_steps":	2,
                    "control_mode":	"PWM",
                    "debug":	false,
                    "domain_randomization":	0.1,
                    "drone_model":	"cf21x_bullet",
                    "enable_reset_distribution":	true,
                    "init_rpy":	"[0. 0. 0.]",
                    "init_rpy_dot":	"[0. 0. 0.]",
                    "init_xyz":	"[0. 0. 1.]",
                    "init_xyz_dot":	"[0. 0. 0.]",
                    "kwargs":	{},
                    "latency":	0.015,
                    "motor_thrust_noise":	0.05,
                    "motor_time_constant":	0.08,
                    "observation_frequency":	100,
                    "observation_history_size":	1,
                    "observation_noise":	1,
                    "physics":	"PyBulletPhysics",
                    "render_mode":	null,
                    "self":	"Already dumped elsewhere (stop recursion)",
                    "sim_freq":	200
                },
                "iteration":	0,
                "last_action":	"[0. 0. 0. 0.]",
                "number_solver_iterations":	5,
                "obs_rate":	2,
                "observation_frequency":	100,
                "observation_history":	"deque([], maxlen=1)",
                "observation_history_size":	1,
                "observation_noise":	1,
                "observation_space":	{
                    "Box(-1000.0, 1000.0, (19,), float32)":	{
                        "_np_random":	null,
                        "_shape":	[
                            19
                        ],
                        "bounded_above":	"[ True  True  True  True  True  True  True  True  True  True  True  True\n  True  True  True  True  True  True  True]",
                        "bounded_below":	"[ True  True  True  True  True  True  True  True  True  True  True  True\n  True  True  True  True  True  True  True]",
                        "dtype":	"float32",
                        "high":	"[1000. 1000. 1000. 1000. 1000. 1000. 1000. 1000. 1000. 1000. 1000. 1000.\n 1000. 1000. 1000. 1000. 1000. 1000. 1000.]",
                        "high_repr":	"1000.0",
                        "low":	"[-1000. -1000. -1000. -1000. -1000. -1000. -1000. -1000. -1000. -1000.\n -1000. -1000. -1000. -1000. -1000. -1000. -1000. -1000. -1000.]",
                        "low_repr":	"-1000.0"
                    }
                },
                "old_potential":	0.0,
                "penalty_action":	0.0001,
                "penalty_angle":	0,
                "penalty_spin":	0.0001,
                "penalty_terminal":	100,
                "penalty_velocity":	0,
                "physics":	{
                    "<phoenix_drone_simulation.envs.physics.PyBulletPhysics object at 0x72de05b7ed60>":	{
                        "G":	9.81,
                        "bc":	"pybullet",
                        "drone":	"Already dumped elsewhere (stop recursion)",
                        "number_solver_iterations":	5,
                        "time_step":	0.005,
                        "use_ground_effect":	false
                    }
                },
                "render_mode":	null,
                "roll_pitch_limit":	0.17453292519943295,
                "rpy_dot_limit":	3.490658503988659,
                "sensor_noise":	{
                    "<phoenix_drone_simulation.envs.sensors.SensorNoise object at 0x72de05b7edc0>":	{
                        "acc_dynamic_noise_ratio":	0.005,
                        "acc_static_noise_std":	0.002,
                        "bypass":	false,
                        "gyro_bias":	"[-6.38792623e-06 -6.36103196e-05 -7.34822337e-05]",
                        "gyro_bias_correlation_time":	1000.0,
                        "gyro_noise_density":	0.000175,
                        "gyro_random_walk":	0.0105,
                        "gyro_turn_on_bias_sigma":	0.08726646259971647,
                        "pos_norm_std":	0.002,
                        "pos_unif_range":	0.001,
                        "quat_norm_std":	0.0017453292519943296,
                        "quat_unif_range":	0.0008726646259971648,
                        "vel_norm_std":	0.01,
                        "vel_unif_range":	0.0
                    }
                },
                "spec":	{
                    "EnvSpec(id='DroneHoverBulletEnv-v0', entry_point='phoenix_drone_simulation.envs.hover:DroneHoverBulletEnv', reward_threshold=None, nondeterministic=False, max_episode_steps=None, order_enforce=False, autoreset=False, disable_env_checker=True, apply_api_compatibility=False, kwargs={}, namespace=None, name='DroneHoverBulletEnv', version=0, additional_wrappers=(), vector_entry_point=None)":	{
                        "additional_wrappers":	[],
                        "apply_api_compatibility":	false,
                        "autoreset":	false,
                        "disable_env_checker":	true,
                        "entry_point":	"phoenix_drone_simulation.envs.hover:DroneHoverBulletEnv",
                        "id":	"DroneHoverBulletEnv-v0",
                        "kwargs":	{},
                        "max_episode_steps":	null,
                        "name":	"DroneHoverBulletEnv",
                        "namespace":	null,
                        "nondeterministic":	false,
                        "order_enforce":	false,
                        "reward_threshold":	null,
                        "vector_entry_point":	null,
                        "version":	0
                    }
                },
                "state":	"[ 3.76221334e-03 -2.38905235e-03  9.98068138e-01 -8.34058509e-04\n -8.93797583e-05 -6.08647162e-06  9.99999648e-01  1.18566645e-02\n  4.80463410e-04  1.04250270e-02  3.58398184e-02 -6.74869845e-02\n  1.71825207e-02  0.00000000e+00  0.00000000e+00  0.00000000e+00\n  0.00000000e+00]",
                "stored_state_id":	-1,
                "target_pos":	"[0. 0. 1.]",
                "time_step":	0.005,
                "use_graphics":	false,
                "vel_limit":	0.25,
                "x_lim":	0.1,
                "y_lim":	0.1,
                "z_lim":	1.2
            }
        },
        "sim_freq":	200
    },
    "iteration":	0,
    "last_action":	"[0. 0. 0. 0.]",
    "number_solver_iterations":	5,
    "obs_rate":	2,
    "observation_frequency":	100,
    "observation_history":	"deque([], maxlen=1)",
    "observation_history_size":	1,
    "observation_noise":	1,
    "observation_space":	"Already dumped elsewhere (stop recursion)",
    "old_potential":	0.0,
    "penalty_action":	0.0001,
    "penalty_angle":	0,
    "penalty_spin":	0.0001,
    "penalty_terminal":	100,
    "penalty_velocity":	0,
    "physics":	"Already dumped elsewhere (stop recursion)",
    "render_mode":	null,
    "roll_pitch_limit":	0.17453292519943295,
    "rpy_dot_limit":	3.490658503988659,
    "sensor_noise":	"Already dumped elsewhere (stop recursion)",
    "spec":	"Already dumped elsewhere (stop recursion)",
    "state":	"[ 3.76221334e-03 -2.38905235e-03  9.98068138e-01 -8.34058509e-04\n -8.93797583e-05 -6.08647162e-06  9.99999648e-01  1.18566645e-02\n  4.80463410e-04  1.04250270e-02  3.58398184e-02 -6.74869845e-02\n  1.71825207e-02  0.00000000e+00  0.00000000e+00  0.00000000e+00\n  0.00000000e+00]",
    "stored_state_id":	-1,
    "target_pos":	"[0. 0. 1.]",
    "time_step":	0.005,
    "use_graphics":	false,
    "vel_limit":	0.25,
    "x_lim":	0.1,
    "y_lim":	0.1,
    "z_lim":	1.2
}