Epoch,EpRet/Mean,EpRet/Std,EpRet/Min,EpRet/Max,EpLen/Mean,EpLen/Min,EpLen/Max,Values/V/Mean,Values/V/Min,Values/V/Max,Values/Adv/Mean,Values/Adv/Min,Values/Adv/Max,Loss/Pi,Loss/Value,Loss/DeltaPi,Loss/DeltaValue,Entropy,KL,Misc/StopIter,Misc/Seed,PolicyRatio,LR,Misc/RewScaleMean,Misc/RewScaleStddev,Misc/ExplorationNoiseStd,TotalEnvSteps,Time,FPS
1,-104.0628,0.8623087,-109.530334,-102.2771,32.764103,20.0,56.0,-0.08677916,-0.3626249,0.27022463,-5.66219,-10.248527,-0.10029301,5.66219,37.01886,-0.068161726,-22.58643,0.7436313,0.001422306,80.0,4304,0.98837274,0.0003,-87.53065490722656,8.629729270935059,0.508999994180536,32000,28,1138
2,-104.15468,0.8931094,-108.7947,-102.20867,33.131878,20.0,54.0,-0.861708,-6.7274413,6.13461,-4.185507,-15.604533,3.2162325,4.185507,25.402042,-0.10384464,-18.365192,0.7429775,0.0019353982,80.0,4304,0.9810729,0.00029979999999999997,-87.43131256103516,8.857536315917969,0.5086673473634321,64000,55,1185
3,-104.1453,0.88914895,-109.08038,-102.30345,33.279167,20.0,61.0,-5.094611,-9.438387,2.35748,-2.2012885,-8.8321705,0.71667695,2.2012887,6.019658,-0.03958565,-5.0347176,0.74232316,0.0018792935,80.0,4304,0.98287654,0.00029959999999999996,-87.40335845947266,8.77425479888916,0.5083346755481161,96000,83,1124
4,-104.13529,0.83433074,-107.84819,-102.53987,33.457592,20.0,54.0,-7.1678348,-10.617675,-1.9659866,-1.0108883,-4.7293134,0.8252906,1.0108882,1.56528,-0.01657787,-1.2502135,0.7416686,0.00152895,80.0,4304,0.9902867,0.00029939999999999996,-87.3874282836914,8.71037769317627,0.5080020093473719,128000,113,1070
5,-104.181274,0.8731461,-107.840645,-102.45667,33.833687,22.0,60.0,-8.201567,-10.918381,-4.954332,-0.36125174,-3.9554098,0.9518391,0.36125174,0.3584003,-0.007653177,-0.2175723,0.7410136,0.001487145,80.0,4304,0.9942667,0.00029919999999999995,-87.34081268310547,8.715041160583496,0.5076693187755824,160000,143,1103
6,-104.20444,0.9180156,-109.776634,-102.3735,34.00852,21.0,57.0,-8.521443,-10.7729,-6.229048,-0.1338704,-3.033309,0.8806496,0.1338704,0.14652367,-0.004910432,-0.03844035,0.7403583,0.0015582356,80.0,4304,0.9967145,0.000299,-87.29167175292969,8.740289688110352,0.5073366646451225,192000,172,1081
7,-104.28021,1.0055492,-110.16991,-102.52969,34.29538,19.0,61.0,-8.624143,-10.640011,-6.683585,-0.049911942,-2.5294852,1.2823405,0.049911942,0.111515746,-0.003958077,-0.011227561,0.73970217,0.0013517325,80.0,4304,0.9982039,0.0002988,-87.23980712890625,8.777316093444824,0.5070039867303798,224000,201,1107
8,-104.24829,0.9916398,-110.9269,-102.53684,34.323307,21.0,60.0,-8.675632,-10.585374,-6.5630884,-0.010588146,-2.5475736,1.4343132,0.010588147,0.105723485,-0.0042374074,-0.006701485,0.739046,0.0013469555,80.0,4304,0.9986568,0.00029859999999999994,-87.20632934570312,8.769269943237305,0.5066713457640404,256000,230,1105
9,-104.3701,1.0445956,-109.291245,-102.405876,35.005478,20.0,68.0,-8.648518,-10.525485,-6.6506314,-0.005903709,-10.01944,1.101967,0.00590371,0.14599515,-0.0048861485,-0.0072287926,0.7383889,0.0014417296,80.0,4304,0.99901175,0.0002984,-87.1529769897461,8.779309272766113,0.5063386815994297,288000,260,1085
10,-104.357895,1.0556691,-110.1794,-102.39648,35.22051,20.0,63.0,-8.6442,-10.4360895,-6.826006,0.00080248713,-2.4717393,1.2009523,-0.000802487,0.11181472,-0.004776575,-0.005035769,0.7377319,0.0015467382,80.0,4304,0.9975426,0.0002982,-87.0982666015625,8.805878639221191,0.5060059945689283,320000,290,1081
11,-104.41693,1.150428,-110.70238,-102.48584,35.91001,20.0,72.0,-8.616202,-10.434884,-4.7315736,0.0070183943,-5.180373,1.2950804,-0.007018393,0.12664658,-0.0048839506,-0.0075494354,0.73707396,0.0013678758,80.0,4304,0.9983413,0.000298,-87.0205307006836,8.8698091506958,0.5056733452856872,352000,322,973
12,-104.58272,1.3533931,-113.766914,-102.46881,36.692307,21.0,79.0,-8.592123,-10.453157,-6.433684,0.015227502,-3.5663161,1.4138885,-0.015227502,0.13593349,-0.0050277603,-0.0083482135,0.736416,0.0014021262,80.0,4304,0.9985323,0.0002978,-86.9330062866211,8.922019958496094,0.5053406737214363,384000,351,1136
13,-104.58002,1.2001479,-111.12708,-102.67089,36.836407,20.0,88.0,-8.554336,-10.371945,-6.125252,-0.007816547,-9.861944,1.474275,0.007816547,0.16355926,-0.0062422403,-0.009158714,0.7357576,0.0015927851,80.0,4304,0.9966226,0.00029759999999999997,-86.86466217041016,8.944396018981934,0.5050080103088117,416000,381,1071
14,-104.59189,1.2300836,-111.050735,-102.59644,36.968716,20.0,73.0,-8.556912,-10.418594,-6.38576,0.00141439,-3.1847944,1.2254952,-0.00141439,0.14019988,-0.0057392837,-0.010641356,0.7350987,0.0016113636,80.0,4304,0.9979387,0.00029739999999999996,-86.78899383544922,9.016815185546875,0.5046753252389575,448000,411,1064
15,-104.62328,1.2711741,-110.329025,-102.522964,37.30105,19.0,76.0,-8.537122,-10.373692,-3.8517973,-0.004018094,-9.977031,1.5347016,0.004018096,0.17209074,-0.006579796,-0.014260607,0.734439,0.0016743672,80.0,4304,0.997092,0.00029719999999999996,-86.72357940673828,9.045470237731934,0.5043426789656383,480000,440,1098
16,-104.72588,1.3657863,-112.61575,-102.7356,37.893238,20.0,75.0,-8.526775,-10.453619,-6.6577997,0.005219678,-3.0221,1.1874261,-0.0052196775,0.13897434,-0.006426066,-0.014703173,0.73377925,0.0017191948,80.0,4304,0.9980547,0.00029699999999999996,-86.64833068847656,9.09576416015625,0.504010011618452,512000,468,1134
17,-104.82993,1.3568894,-112.14008,-102.461174,38.914738,20.0,106.0,-8.503127,-10.459334,-6.377738,0.01246971,-3.3388186,1.4850662,-0.012469711,0.1352422,-0.0063896985,-0.014094226,0.7331191,0.0017562358,80.0,4304,0.9981714,0.00029679999999999995,-86.55770111083984,9.162383079528809,0.5036773235284505,544000,498,1093
18,-104.91648,1.4629456,-111.88702,-102.481346,39.38964,20.0,84.0,-8.490547,-10.423692,-6.3497634,0.005552805,-9.864184,1.2855203,-0.005552805,0.144977,-0.0064372444,-0.011830739,0.7324581,0.001724205,80.0,4304,0.99859613,0.0002966,-86.46851348876953,9.227774620056152,0.5033446750298546,576000,527,1108
19,-104.97484,1.513122,-111.6763,-102.45419,39.96115,20.0,86.0,-8.442115,-10.528929,-6.304839,0.0028312716,-3.176393,1.2367669,-0.0028312705,0.13907927,-0.0068322364,-0.014943716,0.7317973,0.001847306,80.0,4304,0.99869585,0.0002964,-86.36962890625,9.32547664642334,0.5030120063706592,608000,556,1095
20,-105.195595,1.6291137,-112.94987,-102.637726,41.38781,20.0,86.0,-8.419623,-10.439302,-6.199616,0.018622516,-2.9949284,1.2400142,-0.018622514,0.1278798,-0.007082491,-0.012824855,0.73113567,0.0019389391,80.0,4304,0.9995205,0.00029619999999999994,-86.25393676757812,9.434330940246582,0.5026793478433647,640000,584,1132
21,-105.40296,1.7516166,-113.38422,-102.696106,42.252647,22.0,87.0,-8.395137,-10.406945,-6.1671314,0.012378081,-2.348691,1.2123243,-0.012378081,0.12108355,-0.0069540762,-0.010625893,0.73047364,0.0020060611,80.0,4304,0.9994645,0.000296,-86.1436538696289,9.519610404968262,0.5023466697765746,672000,613,1112
22,-105.48592,1.8212311,-114.73595,-102.63821,43.01884,21.0,97.0,-8.355777,-10.509134,-6.2108808,0.0077287797,-9.952211,1.1493075,-0.0077287797,0.15625295,-0.0079081375,-0.01239327,0.729811,0.0021622046,80.0,4304,0.9979688,0.0002958,-86.03034973144531,9.60332202911377,0.5020140024227473,704000,643,1066
23,-105.677475,1.8444048,-114.821815,-102.824,44.491642,22.0,119.0,-8.3700285,-10.532871,-6.067219,0.04557842,-2.2084148,1.4204289,-0.045578416,0.12742811,-0.007833598,-0.0146422,0.7291482,0.0020689717,80.0,4304,1.001516,0.0002956,-85.89984893798828,9.717864990234375,0.5016813460522958,736000,672,1094
24,-105.95888,2.0331364,-115.86428,-102.84806,46.14472,20.0,96.0,-8.303949,-10.587988,-6.1623955,0.04169699,-2.4409208,1.2854608,-0.041696988,0.13183643,-0.007942586,-0.013267063,0.728485,0.0021086698,80.0,4304,1.0001221,0.00029539999999999997,-85.75507354736328,9.860689163208008,0.5013486710527296,768000,701,1097
25,-106.17516,2.0637453,-113.137695,-102.8153,48.001503,20.0,107.0,-8.229788,-10.485936,-5.918077,0.04676417,-2.6532025,1.3718559,-0.046764173,0.14575385,-0.008616796,-0.019417709,0.7278213,0.0022426543,80.0,4304,0.99989545,0.00029519999999999997,-85.59532928466797,10.017579078674316,0.5010160076164407,800000,731,1081
26,-106.57981,2.363737,-122.06079,-102.773476,50.475437,20.0,140.0,-8.14943,-10.47691,-5.8555107,0.04656423,-2.4154801,2.0506096,-0.04656423,0.14513206,-0.008816295,-0.013915949,0.727157,0.0023795594,80.0,4304,1.0003426,0.00029499999999999996,-85.40856170654297,10.231603622436523,0.5006833261702077,832000,760,1114
27,-106.54707,2.295419,-116.09975,-103.10277,50.937798,22.0,114.0,-8.1024065,-10.537652,-5.659692,0.09716008,-2.157587,1.5003134,-0.09716007,0.13514991,-0.0077556,-0.018904602,0.7264922,0.0019975668,80.0,4304,1.0036067,0.00029479999999999996,-85.23814392089844,10.392936706542969,0.5003506568663759,864000,789,1120
28,-107.100685,2.5508232,-118.50531,-102.80768,53.376884,23.0,127.0,-8.002138,-10.517841,-5.771765,0.13834749,-1.9274669,1.573297,-0.13834749,0.14895937,-0.009152999,-0.029173605,0.7258272,0.0022645418,80.0,4304,1.0067883,0.00029459999999999995,-85.04503631591797,10.607965469360352,0.5000179999743863,896000,816,1149
29,-107.31574,2.5267594,-118.249084,-102.76812,56.21693,23.0,120.0,-7.837176,-10.111038,-5.691093,0.17099744,-2.5266051,1.4477838,-0.17099746,0.14901844,-0.008855067,-0.04060582,0.7251616,0.00213064,80.0,4304,1.0094221,0.00029439999999999995,-84.837158203125,10.834022521972656,0.4996853259799178,928000,844,1150
30,-107.766815,2.9863164,-121.712616,-103.093925,58.31685,19.0,158.0,-7.6819916,-10.063914,-5.382438,0.19867243,-2.1539745,1.4524578,-0.19867241,0.15666732,-0.009090848,-0.046420645,0.7244957,0.0021289047,80.0,4304,1.0110118,0.0002942,-84.6114730834961,11.104034423828125,0.4993526649752435,960000,873,1101
31,-107.92845,2.9525442,-128.95132,-103.02556,60.816795,23.0,178.0,-7.443126,-9.676217,-5.229054,0.19922952,-1.7789154,1.5812023,-0.19922952,0.15493082,-0.009263203,-0.049139917,0.7238293,0.002183851,80.0,4304,1.0112063,0.000294,-84.37833404541016,11.374432563781738,0.49901998748530696,992000,904,1058
32,-108.46784,3.17516,-123.11633,-102.917534,63.83968,25.0,152.0,-7.23974,-9.681224,-5.2426076,0.21593487,-2.0748777,1.8108007,-0.21593486,0.15632123,-0.008923989,-0.052743994,0.7231626,0.0020574513,80.0,4304,1.0126816,0.0002938,-84.1285171508789,11.675060272216797,0.49868732356233114,1024000,933,1077
33,-108.76601,3.5185177,-131.25209,-103.36633,65.3627,24.0,183.0,-7.053927,-9.50664,-5.0567317,0.22261982,-1.5660114,1.6443436,-0.2226198,0.15540782,-0.00897596,-0.055010527,0.7224952,0.0020221747,80.0,4304,1.0125145,0.0002936,-83.87998962402344,11.965657234191895,0.4983546734747757,1056000,963,1098
34,-109.21505,3.7404072,-128.53212,-103.36721,69.76974,27.0,207.0,-6.8066845,-9.06333,-4.684344,0.22982223,-8.215437,1.6565413,-0.22982222,0.18087348,-0.009413362,-0.061338775,0.72182757,0.0020530028,80.0,4304,1.0130045,0.0002934,-83.5954360961914,12.347665786743164,0.4980220078064781,1088000,991,1134
35,-109.87793,3.817022,-126.37824,-103.32101,74.4289,24.0,180.0,-6.5516634,-8.790114,-4.6383805,0.24319495,-1.9970317,1.3037332,-0.24319492,0.15720636,-0.008721944,-0.06497057,0.7211592,0.0019151361,80.0,4304,1.0136135,0.00029319999999999997,-83.29945373535156,12.719132423400879,0.49768932688498774,1120000,1021,1074
36,-110.02766,4.08321,-125.936035,-103.95933,74.86556,25.0,185.0,-6.3359756,-8.530749,-4.347416,0.2248497,-2.2424464,1.398623,-0.2248497,0.15122691,-0.009250179,-0.056225434,0.7204906,0.002125342,80.0,4304,1.0137036,0.00029299999999999997,-83.00572204589844,13.09791088104248,0.4973566606824232,1152000,1049,1116
37,-110.59585,4.309244,-128.74329,-103.60606,79.746864,24.0,208.0,-6.055408,-8.425568,-3.9752376,0.21772465,-1.9257674,1.5000341,-0.21772465,0.14401877,-0.008776706,-0.053079206,0.71982163,0.0020986213,80.0,4304,1.0148036,0.00029279999999999996,-82.69657135009766,13.49223518371582,0.4970240094664514,1184000,1078,1116
38,-111.38275,4.8206186,-132.31053,-103.487686,85.48387,27.0,228.0,-5.8063507,-8.239436,-3.9846272,0.22342868,-2.0273042,1.2860987,-0.2234287,0.14676368,-0.009069201,-0.053964946,0.7191521,0.0020446745,80.0,4304,1.0145745,0.0002926,-82.3576889038086,13.9475736618042,0.49669134389942987,1216000,1106,1155
39,-111.6119,5.1831794,-138.5454,-103.53656,85.28075,23.0,231.0,-5.665573,-8.08002,-3.7455783,0.22491036,-1.6350031,2.1192174,-0.22491038,0.14267439,-0.009362806,-0.056257106,0.718482,0.0021795752,80.0,4304,1.0162972,0.0002924,-82.04185485839844,14.332869529724121,0.4963586643081122,1248000,1135,1109
40,-112.16238,4.9593225,-133.29327,-103.8422,90.326706,23.0,246.0,-5.3876486,-7.694264,-3.4592507,0.20467757,-1.8612795,1.6406763,-0.20467755,0.13298938,-0.008963503,-0.04873047,0.7178116,0.0022133258,80.0,4304,1.0135174,0.00029219999999999995,-81.70933532714844,14.751688957214355,0.4960260005845061,1280000,1164,1112
41,-113.23526,5.628042,-138.72464,-103.51899,97.47095,23.0,377.0,-5.158331,-7.4873605,-3.3446345,0.21236543,-1.9905009,1.2292325,-0.21236543,0.13106146,-0.008256882,-0.05031814,0.71714056,0.0020218524,80.0,4304,1.0144402,0.000292,-81.34600067138672,15.23497486114502,0.49569332344985473,1312000,1193,1088
42,-114.34906,6.6443124,-138.28125,-103.483864,105.299,22.0,318.0,-4.950587,-7.2343173,-3.3163862,0.22788376,-1.9371414,1.5122876,-0.22788377,0.1348294,-0.00846988,-0.054946437,0.71646935,0.0020599489,80.0,4304,1.0157329,0.0002918,-80.9346923828125,15.839593887329102,0.4953606627561073,1344000,1223,1093
43,-114.38709,6.5424805,-141.57054,-104.09153,109.0137,27.0,299.0,-4.7019777,-7.134769,-2.984807,0.21048668,-1.7236843,1.1573746,-0.21048668,0.124493554,-0.0085260235,-0.048448537,0.7157974,0.0021163132,80.0,4304,1.015059,0.0002916,-80.5355224609375,16.37848663330078,0.49502798926376246,1376000,1251,1148
44,-115.06223,7.330635,-143.81464,-103.465515,111.366196,22.0,353.0,-4.5139627,-6.9427433,-2.732461,0.2053486,-2.0856385,1.2805904,-0.2053486,0.12272282,-0.008489169,-0.045436647,0.71512514,0.0021049744,80.0,4304,1.0157338,0.0002914,-80.12677764892578,16.94463348388672,0.49469533278470973,1408000,1280,1076
45,-116.34326,6.923093,-149.16084,-103.80621,122.61089,25.0,379.0,-4.273992,-6.525541,-2.6513803,0.20676492,-1.7894759,1.3967861,-0.20676492,0.10995593,-0.007939417,-0.046202965,0.7144526,0.002144762,80.0,4304,1.0162711,0.0002912,-79.69082641601562,17.54916763305664,0.4943626641187013,1440000,1309,1131
46,-117.429,9.694912,-165.08339,-60.87195,132.46219,22.0,500.0,-4.0108323,-6.5479336,-2.4504263,0.20122406,-2.4637895,1.4260083,-0.20122407,0.11243287,-0.008096948,-0.044324473,0.71377957,0.0020245118,80.0,4304,1.0148675,0.00029099999999999997,-79.20822143554688,18.277742385864258,0.49403001303756583,1472000,1338,1088
47,-119.94394,11.084521,-164.07143,-103.59302,148.277,24.0,482.0,-3.7599692,-6.1729064,-2.2591832,0.20083082,-2.0975566,1.1779758,-0.20083082,0.11045368,-0.008207161,-0.043813266,0.7131059,0.0022264565,80.0,4304,1.0155175,0.00029079999999999997,-78.69110870361328,19.064353942871094,0.49369732095365265,1504000,1366,1141
48,-121.03398,11.753706,-167.74908,-81.04276,156.63054,25.0,500.0,-3.527866,-5.967475,-2.0537028,0.18308842,-1.7466962,1.3687927,-0.18308842,0.10427932,-0.007809516,-0.039293252,0.7124319,0.00214357,80.0,4304,1.0154169,0.00029059999999999996,-78.17638397216797,19.805639266967773,0.4933646764718645,1536000,1396,1067
49,-122.26973,15.101014,-177.30055,-61.87698,171.39674,29.0,500.0,-3.2928529,-5.7253504,-1.8340421,0.1830629,-2.3070197,1.3159844,-0.1830629,0.101301424,-0.0076702796,-0.03774838,0.7117573,0.0021346451,80.0,4304,1.0154715,0.00029039999999999996,-77.61006164550781,20.674861907958984,0.4930319916369756,1568000,1424,1145
50,-123.30166,20.78548,-174.82552,-62.118813,218.65034,32.0,500.0,-2.9790742,-5.476966,-1.6402814,0.19379932,-2.2881343,1.4752071,-0.19379932,0.10472238,-0.0076781176,-0.042686224,0.71108246,0.002108832,80.0,4304,1.0160813,0.0002902,-76.89716339111328,21.953475952148438,0.4926993255673415,1600000,1453,1123
51,-118.33269,25.242119,-176.79698,-46.19094,230.45985,25.0,500.0,-2.7267287,-5.259962,-1.529129,0.18718164,-2.1130304,1.4394133,-0.18718164,0.0994415,-0.0074393936,-0.039700344,0.71040684,0.0020242468,80.0,4304,1.0143657,0.00029,-76.13040161132812,23.348201751708984,0.4923666785278051,1632000,1482,1081
52,-120.85511,26.812624,-168.68584,-46.34374,245.73643,25.0,500.0,-2.5109246,-5.091364,-1.3994646,0.17927697,-1.7292287,1.4012463,-0.17927697,0.08916724,-0.006897647,-0.036395334,0.70973104,0.0019580019,80.0,4304,1.014123,0.00028979999999999994,-75.3883056640625,24.573806762695312,0.4920339921279806,1664000,1512,1095
53,-116.25392,32.99714,-190.41797,-44.69852,291.9434,28.0,500.0,-2.294367,-4.85398,-1.2492845,0.18324906,-1.6672416,1.4142944,-0.18324906,0.08339389,-0.0069082454,-0.037539843,0.7090548,0.001971969,80.0,4304,1.0165854,0.0002896,-74.54488372802734,26.030284881591797,0.49170132536663863,1696000,1543,1010
54,-110.39836,33.902718,-185.74615,-42.447803,292.46667,32.0,500.0,-2.0150547,-4.576034,-1.0844678,0.15723935,-1.730273,1.0966908,-0.15723933,0.07028949,-0.0059027188,-0.028026,0.70837796,0.0019124785,80.0,4304,1.0146657,0.0002894,-73.6878433227539,27.453414916992188,0.49136867850800625,1728000,1573,1094
55,-109.7836,36.77717,-184.52808,-39.45693,333.37634,29.0,500.0,-1.8525512,-4.237483,-0.8752748,0.14792523,-1.7935225,1.4633998,-0.14792524,0.062501445,-0.005591817,-0.025101148,0.70770067,0.0018100429,80.0,4304,1.0128696,0.0002892,-72.81266021728516,28.836084365844727,0.4910359932800518,1760000,1602,1112
56,-99.808205,33.206028,-168.79578,-42.630035,366.22354,27.0,500.0,-1.6689597,-3.9652576,-0.9635231,0.14514795,-1.4935386,1.1542767,-0.14514795,0.04860776,-0.00471003,-0.023513915,0.707023,0.0016706311,80.0,4304,1.014128,0.000289,-71.89537048339844,30.262298583984375,0.4907033285619568,1792000,1630,1127
57,-103.24622,36.448593,-202.9238,-45.48904,374.0482,31.0,500.0,-1.4848069,-3.796152,-0.863518,0.119035594,-1.5737965,1.0318304,-0.11903559,0.040153336,-0.0045680013,-0.015481954,0.70634466,0.0018492457,80.0,4304,1.0137961,0.00028879999999999997,-71.01859283447266,31.503095626831055,0.49037065538895963,1824000,1659,1115
58,-89.199615,37.67548,-182.17732,-35.64043,438.8169,87.0,500.0,-1.3152107,-3.685862,-0.76833105,0.119469255,-1.4339783,0.93233997,-0.11946926,0.032350555,-0.0037292372,-0.015636582,0.7056661,0.0016560785,80.0,4304,1.0141494,0.00028859999999999997,-70.08441162109375,32.83757400512695,0.4900380032924869,1856000,1688,1084
59,-82.72767,31.75534,-176.93784,-40.841892,455.15942,33.0,500.0,-1.1578783,-3.5233717,-0.695693,0.10211065,-1.7240825,1.0161,-0.102110654,0.024085982,-0.0031396467,-0.011635302,0.7049872,0.0015441655,80.0,4304,1.0124421,0.00028839999999999996,-69.15240478515625,34.102012634277344,0.4897053433470194,1888000,1718,1064
60,-85.698975,31.531961,-184.84987,-40.25012,421.44,28.0,500.0,-1.0660478,-3.1346765,-0.6099306,0.083594956,-1.5796661,0.88298744,-0.08359496,0.021744272,-0.0028920379,-0.007874868,0.70430756,0.001620699,80.0,4304,1.0121331,0.00028819999999999996,-68.26844787597656,35.197479248046875,0.4893726758750267,1920000,1749,1055
61,-86.54148,30.201172,-181.74509,-41.148327,424.80823,26.0,500.0,-0.97597235,-2.9919794,-0.5860397,0.0734144,-1.7544888,0.91854894,-0.0734144,0.018716186,-0.0027120076,-0.006051692,0.7036275,0.0016253018,80.0,4304,1.011153,0.00028799999999999995,-67.41206359863281,36.184566497802734,0.4890400011987705,1952000,1778,1091
62,-80.96501,28.596628,-174.83598,-40.26107,445.33334,27.0,500.0,-0.8778329,-2.930216,-0.549937,0.06506926,-1.7149285,0.71410877,-0.06506926,0.014619223,-0.0021364242,-0.0049607144,0.702947,0.0014723411,80.0,4304,1.0089885,0.0002878,-66.55722045898438,37.135353088378906,0.4887073196403035,1984000,1805,1188
63,-77.77039,29.345638,-179.49306,-41.83617,460.72058,52.0,500.0,-0.7917993,-3.0201228,-0.4475018,0.057945125,-1.4507797,0.9148084,-0.05794512,0.011670462,-0.0020696437,-0.004131369,0.70226604,0.0015603101,80.0,4304,1.0086794,0.0002876,-65.71836853027344,38.02506637573242,0.48837466063086676,2016000,1837,1005
64,-77.10754,30.492706,-175.99477,-34.11691,470.68655,33.0,500.0,-0.72373617,-3.0323696,-0.42652482,0.048055433,-1.8390121,1.0897075,-0.04805543,0.011319168,-0.0020578243,-0.003115769,0.7015847,0.001577945,80.0,4304,1.0084988,0.00028739999999999994,-64.90253448486328,38.83955764770508,0.48804199534303844,2048000,1865,1134
65,-70.30926,22.9525,-143.6146,-36.981148,468.68655,28.0,500.0,-0.65600765,-2.8364892,-0.3603922,0.04532116,-1.504049,1.0138338,-0.04532116,0.00905639,-0.0019223131,-0.0028447134,0.7009028,0.0015387795,80.0,4304,1.0089209,0.0002872,-64.09052276611328,39.62993621826172,0.4877093240982414,2080000,1895,1097
66,-72.138626,24.308535,-151.02258,-38.62071,464.9394,25.0,500.0,-0.61012405,-2.6732585,-0.32162917,0.036707506,-1.001458,0.51895887,-0.036707506,0.006012641,-0.0014419477,-0.0019005898,0.70022047,0.0015866569,80.0,4304,1.0075402,0.000287,-63.30681610107422,40.34169006347656,0.48737667626760073,2112000,1923,1106
67,-70.79985,21.94303,-142.77681,-44.53154,478.0909,52.0,500.0,-0.56553274,-2.6568284,-0.25726837,0.034042362,-0.8213295,0.8290689,-0.034042362,0.005705978,-0.0013912013,-0.0017638457,0.6995376,0.001599591,80.0,4304,1.0082271,0.0002868,-62.542762756347656,40.99887466430664,0.4870439940524629,2144000,1951,1165
68,-65.05678,17.69862,-129.49701,-34.066837,482.23077,49.0,500.0,-0.5131068,-2.7314227,-0.30979696,0.031387363,-0.83246547,0.82044417,-0.031387366,0.003711691,-0.0010703169,-0.0012934913,0.69885445,0.0014998566,80.0,4304,1.0082822,0.0002866,-61.78302764892578,41.63729476928711,0.48671133585361515,2176000,1980,1110
69,-60.532486,13.506139,-89.53819,-28.918,500.0,500.0,500.0,-0.4656704,-1.5367758,-0.2528047,0.02890131,-0.25153032,0.6722111,-0.028901313,0.0029444124,-0.0009191632,-0.0012579215,0.69817084,0.0014792162,80.0,4304,1.0076563,0.00028639999999999997,-61.03218078613281,42.2476692199707,0.4863786729417219,2208000,2008,1134
70,-64.82086,18.577272,-124.66805,-38.202377,470.36365,57.0,500.0,-0.4448512,-2.566673,-0.24226695,0.020432772,-1.3649948,0.5615302,-0.020432772,0.0035893917,-0.0010826858,-0.00081130216,0.6974866,0.0015066089,80.0,4304,1.0042992,0.00028619999999999996,-60.316402435302734,42.7849006652832,0.486046005637148,2240000,2037,1094
71,-59.542107,15.59301,-108.7704,-32.017723,486.17188,55.0,500.0,-0.4089268,-2.3087063,-0.21262038,0.0201269,-1.4092166,0.9818037,-0.0201269,0.0026995074,-0.0008213017,-0.0007011574,0.69680184,0.0015486287,80.0,4304,1.0055534,0.00028599999999999996,-59.60600662231445,43.305606842041016,0.48571333426004565,2272000,2067,1082
72,-59.63141,16.405846,-111.67731,-34.773758,472.87692,33.0,500.0,-0.38206533,-2.5259995,-0.1268374,0.015998393,-1.7159567,0.68401825,-0.015998393,0.0027679678,-0.00082654785,-0.0004786564,0.69611657,0.001535776,80.0,4304,1.0051501,0.00028579999999999995,-58.91495132446289,43.78742599487305,0.4853806591303537,2304000,2096,1097
73,-58.808857,17.828873,-122.2167,-32.903297,474.16922,49.0,500.0,-0.36385608,-2.810964,-0.16502112,0.01530472,-1.8198951,0.80259067,-0.01530472,0.002703614,-0.00086093973,-0.00046645812,0.6954311,0.0015553106,80.0,4304,1.0040498,0.00028559999999999995,-58.24037551879883,44.23680877685547,0.4850480094789109,2336000,2125,1116
74,-55.365623,15.877065,-120.98593,-34.459183,481.36923,34.0,500.0,-0.33823866,-1.7074682,-0.17645188,0.013904773,-1.4967449,0.9074383,-0.013904772,0.0033747414,-0.0010121716,-0.000831977,0.69474506,0.001638527,80.0,4304,1.0047235,0.0002854,-57.57672119140625,44.663902282714844,0.484715327783172,2368000,2154,1130
75,-56.154552,13.76614,-110.746704,-35.34865,479.41537,41.0,500.0,-0.3261614,-1.9169153,-0.17585698,0.012129429,-1.1336533,0.6109945,-0.012129429,0.0023882478,-0.0008079244,-0.0006756113,0.69405854,0.001652746,80.0,4304,1.0052047,0.0002852,-56.93126678466797,45.055450439453125,0.48438267216483244,2400000,2184,1061
76,-54.415627,12.771545,-106.07562,-28.489273,485.84616,36.0,500.0,-0.30858517,-1.8661803,-0.16985781,0.011529229,-1.7968873,0.9244152,-0.01152923,0.0030304666,-0.00081277394,-0.0005506729,0.69337153,0.0014849725,80.0,4304,1.0023266,0.000285,-56.298091888427734,45.4240837097168,0.4840500140318596,2432000,2214,1066
77,-50.64272,10.122303,-70.353714,-32.860847,500.0,500.0,500.0,-0.2905698,-1.2573436,-0.15015925,0.011426647,-0.46738997,0.6159873,-0.011426646,0.0013032329,-0.00059682946,-0.00037870416,0.69268405,0.0016102667,80.0,4304,1.003712,0.0002848,-55.67416763305664,45.77619934082031,0.48371732487131885,2464000,2242,1130
78,-53.49523,19.068052,-124.542915,-31.940424,469.63077,25.0,500.0,-0.28000665,-2.3700724,-0.10762132,0.0072207977,-1.5771699,0.67359483,-0.0072207977,0.0033387374,-0.0010530743,-0.00062137854,0.69199604,0.001826931,80.0,4304,1.0016489,0.0002846,-55.07238006591797,46.09568405151367,0.48338466268528835,2496000,2271,1107
79,-45.618504,8.493675,-68.39395,-29.180035,500.0,500.0,500.0,-0.25610018,-0.7617548,-0.115894765,0.009692278,-0.14933465,0.4007771,-0.009692279,0.0007619602,-0.00042506238,-0.0002005275,0.69130737,0.001558295,80.0,4304,1.0047762,0.0002844,-54.46923065185547,46.41552734375,0.4830519989405728,2528000,2300,1126
80,-45.362694,7.1321054,-66.04347,-31.617626,500.0,500.0,500.0,-0.24377674,-1.0666292,-0.11005034,0.008379857,-0.16445395,0.6737734,-0.008379856,0.00068332657,-0.0004017132,-0.00016278269,0.6906186,0.0015793553,80.0,4304,1.0035834,0.00028419999999999997,-53.87986755371094,46.71291732788086,0.48271933395538874,2560000,2329,1072
81,-44.670868,8.482433,-64.073616,-26.790173,500.0,500.0,500.0,-0.23382042,-1.1380999,-0.099127896,0.007942335,-0.23298506,0.6174601,-0.007942335,0.0008111154,-0.0004629267,-0.00018774424,0.6899291,0.0015253574,80.0,4304,1.003791,0.00028399999999999996,-53.30288314819336,46.9913330078125,0.482386668047735,2592000,2359,1101
82,-45.106434,13.981604,-122.49643,-29.052015,488.32812,29.0,500.0,-0.22473152,-2.1118546,-0.085742965,0.0057148687,-1.6198192,0.5387355,-0.005714869,0.001796511,-0.00063867506,-0.0002760982,0.6892394,0.0016274302,80.0,4304,1.0026582,0.00028379999999999996,-52.74095916748047,47.24850845336914,0.4820540015353929,2624000,2388,1108
83,-44.76433,15.484549,-113.72986,-25.286983,479.4,26.0,500.0,-0.21652097,-2.305583,-0.09293014,0.004352888,-1.7889073,0.6293948,-0.004352888,0.0024199774,-0.0007131487,-0.00047113257,0.6885491,0.0016746854,80.0,4304,1.0025263,0.0002836,-52.190673828125,47.489559173583984,0.4817213347359255,2656000,2417,1098
84,-41.819893,11.034567,-108.75161,-27.291012,493.0625,56.0,500.0,-0.20831421,-2.0800195,-0.0347644,0.0066606016,-0.51057285,0.39386338,-0.006660601,0.00078907,-0.0004904994,-0.00016736618,0.68785834,0.0017211329,80.0,4304,1.0036461,0.00028339999999999995,-51.648155212402344,47.71967697143555,0.4813886679666772,2688000,2446,1104
85,-40.173813,11.321408,-110.57481,-26.575966,493.32812,73.0,500.0,-0.19862863,-1.8524287,-0.07623719,0.006708262,-0.66441333,0.5156907,-0.006708262,0.0010045783,-0.0005574466,-0.00023132804,0.68716705,0.0016586557,80.0,4304,1.0045716,0.00028319999999999994,-51.11436462402344,47.939186096191406,0.4810560015447732,2720000,2476,1060
86,-39.16828,10.368838,-104.79549,-22.19662,492.76562,37.0,500.0,-0.18837301,-1.4092555,-0.077049725,0.0053335717,-1.6371047,0.7422966,-0.0053335717,0.0014986375,-0.00056928844,-0.00027523874,0.6864751,0.0016735692,80.0,4304,1.0018368,0.000283,-50.5905647277832,48.14523696899414,0.48072333578711923,2752000,2505,1108
87,-36.408066,5.4052677,-50.973442,-26.00583,500.0,500.0,500.0,-0.17715937,-0.6707538,-0.07209259,0.0052239266,-0.09532759,0.28543493,-0.005223926,0.00037706143,-0.00027881085,-7.271908e-05,0.68578315,0.0014770937,80.0,4304,1.0020463,0.0002828,-50.07509994506836,48.34060287475586,0.48039067101040095,2784000,2535,1056
88,-40.304073,16.417063,-112.01131,-23.772898,479.56924,39.0,500.0,-0.17806652,-1.9355221,-0.07355408,0.0030083251,-1.5382278,0.5245676,-0.0030083254,0.0015778809,-0.0006311326,-0.00039390894,0.6850902,0.0016652318,80.0,4304,1.0015054,0.0002826,-49.576026916503906,48.51548767089844,0.4800580075310836,2816000,2565,1100
89,-38.189,14.541425,-113.81521,-23.638819,488.78125,112.0,500.0,-0.16975284,-1.3394288,-0.07698405,0.0031516934,-1.6958935,0.5122113,-0.0031516934,0.0018903554,-0.00068507134,-0.0004832517,0.6843969,0.001720384,80.0,4304,1.0014358,0.0002824,-49.08761215209961,48.67664337158203,0.47972534566541136,2848000,2593,1129
90,-34.861626,6.4571395,-46.831028,-19.952908,500.0,500.0,500.0,-0.16232774,-1.0884553,0.03288672,0.0049984884,-0.28897652,0.57516414,-0.0049984874,0.0007837193,-0.00047224364,-0.0002228386,0.68370336,0.0016579912,80.0,4304,1.0019026,0.0002822,-48.6027946472168,48.833866119384766,0.47939265715537727,2880000,2621,1126
91,-35.27262,10.338058,-109.2393,-24.482176,493.0,52.0,500.0,-0.15718028,-1.5266984,-0.07116798,0.003100307,-0.6756151,0.31365803,-0.0031003072,0.00051931344,-0.00038534153,-0.00013046773,0.683009,0.0017837128,80.0,4304,1.0027299,0.00028199999999999997,-48.12879943847656,48.978675842285156,0.4790599994846701,2912000,2651,1086
92,-36.272957,14.050949,-110.27406,-22.528318,486.40625,58.0,500.0,-0.15331009,-1.7607098,-0.07373701,0.0020879754,-0.7671539,0.37887403,-0.0020879754,0.00087728474,-0.00047256428,-0.00025271036,0.6823145,0.0016931755,80.0,4304,1.0010347,0.00028179999999999997,-47.666473388671875,49.110164642333984,0.47872734437501063,2944000,2679,1132
93,-36.391243,19.207918,-134.0996,-24.168642,486.0625,64.0,500.0,-0.15098345,-1.532005,-0.0397153,0.0018765824,-1.7295537,0.5843345,-0.0018765822,0.002147431,-0.00073925895,-0.0007231864,0.68161935,0.0017993138,80.0,4304,1.0017397,0.00028159999999999996,-47.2154426574707,49.22995376586914,0.47839466362721017,2976000,2708,1106
94,-35.15946,16.762302,-107.28802,-22.314775,479.33847,47.0,500.0,-0.14657646,-1.4702072,-0.06328878,0.0020684209,-1.0949857,0.69100887,-0.0020684213,0.0015837762,-0.00066393823,-0.0005545387,0.6809235,0.0018496136,80.0,4304,1.0014024,0.00028139999999999996,-46.76997756958008,49.34440231323242,0.47806198611060285,3008000,2738,1079
95,-35.124207,16.691084,-110.14098,-24.544338,478.98438,41.0,500.0,-0.14413317,-2.2609768,-0.07510804,0.0018802484,-1.6954725,0.47165263,-0.0018802489,0.0015627503,-0.0006366896,-0.00034129777,0.6802276,0.0017810153,80.0,4304,1.0018358,0.0002812,-46.333309173583984,49.44939422607422,0.47772934061498423,3040000,2768,1070
96,-31.433823,10.32312,-106.293976,-22.475494,493.0,52.0,500.0,-0.13864237,-2.1019056,-0.054325968,0.003643734,-0.74154866,0.4717805,-0.003643734,0.00081045314,-0.0004690829,-0.00020234109,0.679531,0.0016605357,80.0,4304,1.0035369,0.00028099999999999995,-45.90108871459961,49.550148010253906,0.4773966704854364,3072000,2798,1071
97,-30.090702,4.7172203,-43.14412,-21.384354,500.0,500.0,500.0,-0.13521177,-1.2415812,-0.05202407,0.0049418043,-0.3041119,0.71645564,-0.0049418043,0.00067086227,-0.000436145,-0.00023456273,0.6788339,0.0015993284,80.0,4304,1.0031571,0.00028079999999999994,-45.47544479370117,49.64420700073242,0.477064004531135,3104000,2828,1051
98,-32.22121,15.268587,-114.17043,-18.621119,487.54688,99.0,500.0,-0.13313416,-2.1384444,-0.055307925,0.0022398368,-1.538564,0.4087512,-0.0022398366,0.0013677746,-0.0005641115,-0.00043056195,0.67813647,0.001757553,80.0,4304,1.0015373,0.0002806,-45.06190490722656,49.726417541503906,0.4767313430663151,3136000,2858,1090
99,-29.295242,4.443268,-42.12011,-22.147373,500.0,500.0,500.0,-0.12932076,-0.8855568,-0.04631263,0.0037275576,-0.27439007,0.51192176,-0.003727558,0.0005533688,-0.00042655796,-0.00020063481,0.67743844,0.0016154938,80.0,4304,1.0021324,0.0002804,-44.65198516845703,49.805030822753906,0.47639865800941233,3168000,2886,1126
100,-29.484043,11.707485,-114.670425,-18.566149,493.71875,98.0,500.0,-0.126043,-2.1364563,-0.05925957,0.0025522504,-0.6309559,0.48167157,-0.0025522504,0.0005115513,-0.00038242398,-0.00016541418,0.67673975,0.0015487266,80.0,4304,1.0017718,0.0002802,-44.25066375732422,49.876197814941406,0.4760660064851852,3200000,2914,1134
101,-30.422102,14.273545,-108.35749,-21.12575,486.1846,46.0,500.0,-0.121907674,-1.4028795,-0.06049584,0.0017501828,-0.6919324,0.347533,-0.0017501828,0.00082260196,-0.00043197628,-0.00033749154,0.6760407,0.0016238189,80.0,4304,1.0021017,0.00028,-43.857032775878906,49.94058609008789,0.47573333203587226,3232000,2944,1077
102,-28.795418,4.9911194,-50.137768,-16.780258,500.0,500.0,500.0,-0.11742912,-0.89236826,-0.05861517,0.002048455,-0.20031816,0.48107186,-0.002048455,0.00034169332,-0.0003271264,-9.496726e-05,0.6753413,0.0017472,80.0,4304,1.0014477,0.00027979999999999997,-43.470149993896484,49.997291564941406,0.4754006633703764,3264000,2974,1075
103,-29.54183,15.078532,-114.593376,-18.421745,486.93848,58.0,500.0,-0.117954664,-2.1098053,-0.044691347,0.0012872412,-0.6738008,0.45841628,-0.0012872408,0.0008142761,-0.0004517565,-0.00030616432,0.6746413,0.0018470333,80.0,4304,1.0010295,0.00027959999999999997,-43.091373443603516,50.04844284057617,0.47506800080179984,3296000,3002,1160
104,-27.825829,11.045506,-109.39078,-19.750086,494.03125,118.0,500.0,-0.11442879,-1.9831105,-0.06224376,0.0019386363,-0.76268834,0.2879443,-0.0019386363,0.0005560452,-0.00036915488,-0.000220672,0.6739407,0.0015830786,80.0,4304,1.0016586,0.00027939999999999996,-42.717926025390625,50.09504318237305,0.47473534464301687,3328000,3030,1120
105,-27.640926,10.928518,-106.82717,-16.754694,493.03125,54.0,500.0,-0.1146179,-1.4492302,-0.038359195,0.002661155,-0.6313414,0.4603613,-0.0026611548,0.0007158512,-0.00047683154,-0.00024205378,0.67323977,0.0018276027,80.0,4304,1.0016035,0.00027919999999999996,-42.350433349609375,50.13674545288086,0.4744026669300703,3360000,3058,1153
106,-26.356625,11.633455,-113.01341,-13.512756,493.6875,96.0,500.0,-0.109049514,-2.167413,-0.02920214,0.0019599528,-1.0172029,0.21057385,-0.001959953,0.0004965019,-0.00035918615,-0.00018849422,0.67253816,0.0016583689,80.0,4304,1.0027981,0.00027899999999999995,-41.98833084106445,50.17506790161133,0.4740699962916369,3392000,3088,1081
107,-26.416073,11.081078,-107.58399,-17.292229,493.10938,59.0,500.0,-0.11061892,-2.4881139,-0.049846657,0.0025007357,-0.86813235,0.54925084,-0.0025007357,0.0007965838,-0.00050159835,-0.0002606055,0.67183626,0.0018962134,80.0,4304,1.0011044,0.0002788,-41.63261032104492,50.207908630371094,0.4737373330399036,3424000,3116,1120
108,-27.06063,12.668858,-119.42301,-16.842516,494.1875,128.0,500.0,-0.10826874,-1.6217265,-0.025269143,0.0019432352,-0.52357906,0.63192534,-0.001943235,0.0007661894,-0.00054021657,-0.0002639406,0.6711339,0.0020005712,80.0,4304,1.0004356,0.00027859999999999994,-41.2846794128418,50.23393249511719,0.4734046774868283,3456000,3146,1078
109,-24.889282,4.213363,-34.071075,-16.360825,500.0,500.0,500.0,-0.10396866,-0.6835792,-0.05077295,0.0023493648,-0.12627432,0.43670654,-0.002349365,0.00029661457,-0.00032112063,-8.855469e-05,0.6704307,0.0017837712,80.0,4304,1.002604,0.0002784,-40.940269470214844,50.257591247558594,0.473072001746849,3488000,3175,1102
110,-23.896309,4.371358,-35.97644,-13.401864,500.0,500.0,500.0,-0.09939876,-0.5118828,-0.023546204,0.0020067764,-0.100591585,0.2773524,-0.0020067766,0.00015646525,-0.00021121465,-2.8930206e-05,0.6697275,0.0015586212,80.0,4304,1.0023553,0.0002782,-40.600711822509766,50.27828598022461,0.4727393343684078,3520000,3203,1130
111,-23.830774,4.078572,-38.134926,-16.043175,500.0,500.0,500.0,-0.09753111,-0.78468466,-0.030423071,0.0017890563,-0.2514467,0.3375757,-0.0017890565,0.00018156171,-0.0002238045,-4.0080307e-05,0.66902345,0.0015770318,80.0,4304,1.0032088,0.000278,-40.26716995239258,50.2943115234375,0.4724066756627696,3552000,3232,1132
112,-26.31779,15.404405,-111.77566,-16.835714,486.56924,54.0,500.0,-0.096115276,-1.7146804,-0.027407624,-0.00047047346,-0.94877553,0.40380073,0.00047047346,0.00093925814,-0.0004494572,-0.00043412272,0.66831887,0.0018405705,80.0,4304,0.99948514,0.0002778,-39.94221496582031,50.30399703979492,0.472073997803164,3584000,3260,1125
113,-24.214535,11.835168,-111.383446,-15.709909,493.46875,82.0,500.0,-0.09584883,-0.9531087,-0.028873093,0.00126351,-1.693243,0.3510734,-0.0012635101,0.0008232124,-0.0003818972,-0.0003537109,0.6676141,0.0016461691,80.0,4304,1.0014012,0.00027759999999999997,-39.620697021484375,50.311893463134766,0.47174132927785195,3616000,3289,1133
114,-22.86787,4.068676,-37.039406,-16.230701,500.0,500.0,500.0,-0.094312735,-0.68219,-0.032839555,0.0020251211,-0.16537338,0.47215903,-0.002025121,0.00018484058,-0.00024699507,-4.4596283e-05,0.6669086,0.001694181,80.0,4304,1.0026442,0.00027739999999999997,-39.30323028564453,50.3167839050293,0.4714086703974012,3648000,3317,1127
115,-26.796919,19.974318,-121.04208,-16.393604,483.25,87.0,500.0,-0.09711311,-2.001669,-0.03376537,-0.00011592093,-1.1203597,0.42287454,0.00011592085,0.0016917048,-0.0007085569,-0.0007559135,0.66620266,0.0023660928,80.0,4304,1.0006773,0.0002772,-38.996726989746094,50.31391525268555,0.47107599339382866,3680000,3346,1096
116,-25.268955,15.314855,-111.716446,-15.388745,486.23438,48.0,500.0,-0.09122635,-2.0128837,-0.026009694,-0.00026943916,-1.3577669,0.4413515,0.00026943916,0.0013236521,-0.00057229534,-0.0006794686,0.6654962,0.0020801695,80.0,4304,1.0007621,0.00027699999999999996,-38.69218444824219,50.310142517089844,0.4707433266952096,3712000,3375,1138
117,-22.90239,4.274186,-33.66602,-16.349703,500.0,500.0,500.0,-0.08989882,-0.49641693,-0.007729087,0.0017382681,-0.136589,0.21506672,-0.001738268,0.000221998,-0.00029643663,-7.76861e-05,0.6647893,0.0017491151,80.0,4304,1.0015137,0.00027679999999999995,-38.39030838012695,50.304542541503906,0.4704106706114104,3744000,3403,1107
118,-22.125217,4.193041,-33.3183,-14.333169,500.0,500.0,500.0,-0.087200515,-0.7722392,-0.024739176,0.0014788476,-0.17544828,0.54106915,-0.0014788478,0.00020688579,-0.00025005813,-7.1188086e-05,0.664082,0.0016200901,80.0,4304,1.0028808,0.0002766,-38.09280776977539,50.29654312133789,0.4700779974332304,3776000,3431,1163
119,-26.145096,19.054585,-113.96576,-15.424883,482.84616,61.0,500.0,-0.08938408,-2.1876276,-0.011796497,-0.0009988664,-1.3433626,0.2604251,0.0009988669,0.001587807,-0.0006366689,-0.00086635945,0.66337395,0.002209582,80.0,4304,1.000042,0.0002764,-37.80522155761719,50.281986236572266,0.4697453355285552,3808000,3460,1105
120,-23.052217,12.022386,-113.03055,-14.070668,493.59375,90.0,500.0,-0.08761916,-2.189025,-0.03690894,0.001573848,-0.6032478,0.503945,-0.0015738481,0.0005626827,-0.00045214026,-0.0002793072,0.6626655,0.0018884821,80.0,4304,1.0033944,0.0002762,-37.51813888549805,50.268028259277344,0.46941265722736997,3840000,3489,1106
121,-21.624352,3.848279,-30.729912,-14.192094,500.0,500.0,500.0,-0.08338278,-0.62354344,-0.021979675,0.001284292,-0.13076954,0.32011005,-0.001284292,0.00014781795,-0.00021795514,-4.3138472e-05,0.6619567,0.0016999854,80.0,4304,1.0019875,0.000276,-37.23468017578125,50.25148391723633,0.46907999085743085,3872000,3517,1162
122,-22.86879,11.6125765,-111.51506,-15.374842,493.71875,98.0,500.0,-0.084534034,-1.1852379,-0.029310483,0.00048550524,-1.1743494,0.3616555,-0.00048550538,0.0006430556,-0.00039512143,-0.00024896165,0.66124713,0.0019001924,80.0,4304,1.0014657,0.0002758,-36.957000732421875,50.231727600097656,0.46874733672742536,3904000,3546,1102
123,-23.361137,12.196279,-114.33982,-13.979639,493.6875,96.0,500.0,-0.08640284,-1.308251,-0.0019517019,0.0009885596,-0.8938981,0.23152335,-0.0009885593,0.00048647943,-0.0004030241,-0.00025167645,0.6605371,0.002077439,80.0,4304,1.0020864,0.0002756,-36.6839714050293,50.209163665771484,0.4684146672261137,3936000,3575,1106
124,-22.729748,15.772338,-110.19691,-13.55143,486.15625,53.0,500.0,-0.08262706,-1.5006893,-0.030473381,0.00011843279,-1.1941648,0.5454779,-0.00011843277,0.0011243322,-0.00054442475,-0.00062590523,0.65982664,0.0022795259,80.0,4304,1.0005845,0.00027539999999999997,-36.4139518737793,50.18647384643555,0.4680820106210549,3968000,3604,1111
125,-22.044516,11.420253,-106.95408,-13.753301,492.90625,46.0,500.0,-0.07969638,-1.338135,-0.024707586,0.0006820905,-0.79685193,0.15965335,-0.0006820905,0.00056030933,-0.0003664241,-0.00033449195,0.6591158,0.0019681153,80.0,4304,1.0006592,0.00027519999999999997,-36.14755630493164,50.16127395629883,0.46774933934018986,4000000,3634,1055
126,-22.625856,15.630548,-108.191986,-13.709625,486.34375,55.0,500.0,-0.08003651,-1.9976803,-0.036443196,0.00016159487,-0.8991511,0.31656173,-0.00016159465,0.0007894478,-0.00043915,-0.00042005602,0.6584043,0.0020621456,80.0,4304,1.0010107,0.00027499999999999996,-35.885921478271484,50.1340446472168,0.46741665375073926,4032000,3664,1063
127,-22.576235,16.375814,-114.26722,-12.821821,486.89062,75.0,500.0,-0.08029931,-2.4827938,-0.015625868,9.0617956e-05,-0.65344644,0.4643618,-9.061786e-05,0.0007663794,-0.0005065389,-0.00044342864,0.6576923,0.0020099487,80.0,4304,1.001178,0.0002748,-35.62861251831055,50.10460662841797,0.4670840099004357,4064000,3693,1131
128,-21.76707,15.7392,-109.88178,-13.220646,486.34375,47.0,500.0,-0.07707225,-1.6596458,-0.024223305,0.0002983483,-1.8289044,0.58342725,-0.00029834846,0.0016206193,-0.00067616254,-0.0007712388,0.6569799,0.0020361263,80.0,4304,1.0022433,0.00027459999999999995,-35.37390899658203,50.07454299926758,0.46675132457540747,4096000,3723,1060
129,-23.066618,19.264053,-113.57937,-11.267395,480.35385,46.0,500.0,-0.07593542,-2.0539417,-0.010667186,-0.0011114784,-0.75403553,0.6236611,0.0011114788,0.0012108418,-0.0006749695,-0.00066647126,0.65626687,0.0022744404,80.0,4304,0.9990503,0.00027439999999999995,-35.124637603759766,50.041507720947266,0.466418653803079,4128000,3751,1119
130,-18.597916,2.9780314,-26.292032,-12.607211,500.0,500.0,500.0,-0.074121885,-0.7047593,-0.021245915,0.0017321913,-0.13670477,0.40838823,-0.0017321915,0.0002411431,-0.0003104185,-0.000105617895,0.65555346,0.0019016105,80.0,4304,1.0022209,0.0002742,-34.87519454956055,50.00892639160156,0.4660859978902244,4160000,3782,1065
131,-19.921944,3.6642973,-29.510885,-11.876428,500.0,500.0,500.0,-0.07452855,-0.8823932,-0.015779205,0.0015459392,-0.2503356,0.46979466,-0.0015459394,0.000268058,-0.00032952128,-0.00012314308,0.6548394,0.0018084516,80.0,4304,1.0029573,0.000274,-34.630645751953125,49.97304916381836,0.4657533293823154,4192000,3812,1061
132,-20.379242,12.066708,-112.6671,-12.006562,493.48438,83.0,500.0,-0.07584311,-2.1176424,-0.016984388,0.0008185808,-1.0593132,0.5730221,-0.0008185806,0.00066273473,-0.00045981543,-0.00034189614,0.6541249,0.0020292457,80.0,4304,1.0021155,0.0002738,-34.390106201171875,49.93598937988281,0.4654206763863619,4224000,3839,1181
133,-21.353783,15.472484,-107.918976,-12.604342,485.69232,25.0,500.0,-0.07305648,-1.5398415,-0.025961615,-8.025509e-05,-1.5426016,0.388125,8.0254744e-05,0.0011015025,-0.00045854776,-0.0007407803,0.6534099,0.0020977687,80.0,4304,1.0008955,0.0002736,-34.15306091308594,49.89751434326172,0.4650880114870078,4256000,3867,1153
134,-21.040981,16.635736,-112.482635,-11.729593,487.35938,94.0,500.0,-0.073765256,-2.304765,-0.02600208,-0.00038982052,-0.8506573,0.2954104,0.00038982078,0.00075527054,-0.0004711036,-0.0005041655,0.65269434,0.0020608096,80.0,4304,1.0004902,0.0002734,-33.92059326171875,49.85701370239258,0.46475533504954414,4288000,3896,1077
135,-18.652824,3.600974,-30.89821,-12.5335,500.0,500.0,500.0,-0.07099237,-0.5831965,-0.020120166,0.0012401156,-0.10210144,0.3404117,-0.0012401156,0.00014264407,-0.00023512421,-5.7450532e-05,0.65197843,0.0018578322,80.0,4304,1.0012116,0.00027319999999999997,-33.68909454345703,49.81596755981445,0.4644226751207672,4320000,3926,1089
136,-19.74114,11.490806,-107.24088,-12.830788,493.04688,55.0,500.0,-0.06999457,-1.058763,-0.015705034,0.00011671373,-1.111609,0.39437872,-0.00011671378,0.0005605354,-0.00035200984,-0.00035609098,0.6512619,0.001835234,80.0,4304,1.0012164,0.00027299999999999997,-33.46175765991211,49.77323913574219,0.46409000434407544,4352000,3955,1091
137,-19.522484,12.124822,-112.28787,-10.134809,493.51562,85.0,500.0,-0.0712629,-1.760575,-0.030189902,0.000561058,-0.56134695,0.3320758,-0.00056105806,0.0003367698,-0.00033110162,-0.00017803205,0.65054476,0.0019234344,80.0,4304,1.0013218,0.00027279999999999996,-33.23753356933594,49.729549407958984,0.46375732308402845,4384000,3985,1077
138,-19.814476,13.346765,-121.61072,-11.343069,494.01562,117.0,500.0,-0.07170995,-1.9997528,-0.014335662,7.455495e-05,-0.5181685,0.22766039,-7.455511e-05,0.00031420155,-0.00032976785,-0.00016725683,0.64982706,0.0020821262,80.0,4304,0.9998401,0.00027259999999999996,-33.017486572265625,49.683555603027344,0.4634246593272028,4416000,4016,1057
139,-22.210533,19.463165,-114.89756,-11.553442,480.2154,33.0,500.0,-0.07003777,-1.5560946,-0.0116319135,-0.0015816331,-1.6376449,0.3390946,0.0015816325,0.0018608171,-0.0006327098,-0.0012514788,0.64910895,0.0022017118,80.0,4304,0.9985026,0.0002724,-32.80155944824219,49.6363639831543,0.463092013378182,4448000,4046,1053
140,-18.057903,3.3669088,-30.155958,-11.094534,500.0,500.0,500.0,-0.067857035,-0.88138616,-0.0033236146,0.0011812422,-0.25458115,0.47511387,-0.001181242,0.0003013344,-0.00035008945,-0.00016931434,0.6483902,0.0020291796,80.0,4304,1.0013092,0.00027219999999999995,-32.58536148071289,49.58961868286133,0.46275933037609135,4480000,4076,1078
141,-17.666138,3.538871,-33.75143,-12.130726,500.0,500.0,500.0,-0.06503056,-0.5729907,-0.012538493,0.00040781347,-0.14038669,0.28766727,-0.0004078135,0.00012784741,-0.00022206281,-4.524132e-05,0.64767116,0.0018007584,80.0,4304,1.0004545,0.00027199999999999994,-32.372257232666016,49.54161071777344,0.46242666586954706,4512000,4105,1098
142,-19.669018,11.712935,-107.35691,-12.328752,492.95312,49.0,500.0,-0.06761108,-1.2433612,-0.025711682,-0.00011700848,-1.0919147,0.2737626,0.000117008865,0.00051734876,-0.00035788515,-0.00031125842,0.6469516,0.0021239293,80.0,4304,0.99894804,0.0002718,-32.16350173950195,49.491573333740234,0.4620939926194436,4544000,4136,1043
143,-21.836422,19.811083,-112.340004,-10.065586,480.07693,54.0,500.0,-0.06982176,-2.02397,-0.00013562292,-0.0012596146,-0.81806093,0.5719986,0.0012596145,0.000976819,-0.0005929905,-0.0006313808,0.64623153,0.0024890455,80.0,4304,0.99764705,0.0002716,-31.95931625366211,49.44038391113281,0.4617613385119821,4576000,4166,1041
144,-16.892086,3.5717795,-28.30666,-11.227314,500.0,500.0,500.0,-0.06350283,-0.50714076,-0.00521202,0.0011605541,-0.12994388,0.26831433,-0.0011605541,0.00015178313,-0.00025136565,-7.6097145e-05,0.64551073,0.0018862719,80.0,4304,1.0008947,0.0002714,-31.753782272338867,49.39054870605469,0.46142867634721824,4608000,4195,1109
145,-21.845669,21.107424,-126.0874,-11.485014,481.09375,57.0,500.0,-0.07105145,-1.8922958,-0.023082316,-0.0012899914,-1.2657388,0.36483568,0.0012899913,0.0010476615,-0.0006376306,-0.00069742475,0.64478964,0.0025997367,80.0,4304,0.9966156,0.0002712,-31.555789947509766,49.33716583251953,0.4610960064877359,4640000,4224,1124
146,-17.441326,11.44181,-105.90707,-10.446476,493.01562,53.0,500.0,-0.063940056,-2.4106925,-0.015885316,0.00053641846,-0.72497994,0.37634897,-0.0005364185,0.0005386924,-0.0003567959,-0.00026602612,0.6440678,0.0018132608,80.0,4304,1.0012758,0.000271,-31.3560791015625,49.28579330444336,0.46076332929586983,4672000,4253,1099
147,-21.001589,19.582092,-111.371025,-11.29535,479.6154,51.0,500.0,-0.067920335,-2.3001282,0.016220026,-0.0007709455,-0.7237075,0.29393426,0.0007709458,0.0010266632,-0.0006078434,-0.00065525447,0.64334553,0.0024147632,80.0,4304,0.99912596,0.00027079999999999997,-31.16158103942871,49.23221206665039,0.46043067257751125,4704000,4283,1070
148,-17.113316,4.278897,-35.68042,-10.645528,500.0,500.0,500.0,-0.06301421,-0.5996086,-0.020569246,0.0010483267,-0.17982486,0.24712797,-0.001048327,0.00020273215,-0.00030089432,-0.0001048035,0.6426229,0.0018575927,80.0,4304,1.0017443,0.00027059999999999996,-30.967239379882812,49.17835998535156,0.4600980092110313,4736000,4311,1140
149,-16.887594,3.8048368,-27.671259,-9.242884,500.0,500.0,500.0,-0.061584614,-0.611153,-0.031269506,0.0005911177,-0.102775104,0.32402873,-0.0005911179,0.00010761336,-0.00020357259,-4.3759792e-05,0.64189947,0.0017481041,80.0,4304,1.0002801,0.00027039999999999996,-30.775432586669922,49.123741149902344,0.45976533955801324,4768000,4342,1043
150,-17.284237,12.224419,-111.272064,-9.656428,493.84375,106.0,500.0,-0.060446933,-0.55388814,-0.03351117,-0.00041238443,-1.7790285,0.15082166,0.00041238495,0.0008367782,-0.00030679506,-0.0005757841,0.64117575,0.0017618855,80.0,4304,0.9996619,0.0002702,-30.586687088012695,49.0687255859375,0.4594326639797893,4800000,4370,1139
151,-16.816502,3.0841737,-26.478006,-11.381501,500.0,500.0,500.0,-0.060877178,-0.60000616,-0.0071753412,0.00075959554,-0.11549474,0.45534942,-0.00075959554,0.0001404749,-0.0002469161,-6.273047e-05,0.6404514,0.0019113778,80.0,4304,0.9994222,0.00027,-30.39955711364746,49.013004302978516,0.45910001020193186,4832000,4400,1079
152,-18.888866,16.462687,-109.541306,-10.579981,486.26562,47.0,500.0,-0.06110189,-1.494694,-0.014686797,-0.0008746616,-0.90491605,0.19354077,0.000874661,0.0008379691,-0.0004420891,-0.0006388602,0.6397266,0.0021814262,80.0,4304,0.9994163,0.0002698,-30.216087341308594,48.956722259521484,0.45876732383645485,4864000,4429,1105
153,-17.753193,13.156069,-119.290405,-11.154413,494.28125,134.0,500.0,-0.0614893,-2.399379,-0.0062724687,-0.00018934406,-0.7062651,0.3510995,0.00018934408,0.00033925247,-0.0003061481,-0.00020400983,0.63900095,0.0019669994,80.0,4304,1.0007427,0.0002696,-30.03509521484375,48.89925003051758,0.45843465995308885,4896000,4458,1105
154,-15.933779,2.9015045,-28.014679,-11.268351,500.0,500.0,500.0,-0.059854086,-0.68374413,-0.016268257,0.0010206286,-0.25899482,0.46260244,-0.0010206286,0.00014788524,-0.0002227542,-6.3667845e-05,0.6382751,0.0016711408,80.0,4304,1.0014753,0.0002694,-29.854408264160156,48.84235763549805,0.4581019915476621,4928000,4487,1088
155,-18.540293,12.779304,-115.16632,-11.101883,493.90625,110.0,500.0,-0.061967034,-1.5114452,-0.021326974,-0.00037186444,-0.76916003,0.16734105,0.0003718647,0.00046506093,-0.00039772963,-0.00029700217,0.6375485,0.0023049444,80.0,4304,0.99884593,0.0002692,-29.678266525268555,48.78337478637695,0.4577693462654196,4960000,4517,1077
156,-17.421661,11.966079,-109.31919,-10.822813,493.1875,64.0,500.0,-0.05951998,-2.1216764,-0.020050123,-0.00028339672,-0.8691751,0.21119529,0.00028339654,0.00047563273,-0.00028257398,-0.00031798522,0.6368217,0.001780363,80.0,4304,0.9990262,0.000269,-29.503034591674805,48.72509765625,0.45743666987598686,4992000,4547,1082
157,-17.736202,12.158444,-108.541985,-10.400899,493.29688,71.0,500.0,-0.060263347,-1.5607177,-0.020784512,-0.0006470859,-0.847504,0.45373002,0.0006470857,0.00053715036,-0.00041435822,-0.00033960704,0.63609415,0.002324067,80.0,4304,0.99887866,0.0002688,-29.330772399902344,48.66550064086914,0.4571039900439277,5024000,4576,1087
158,-16.49156,12.060493,-108.64839,-10.237843,493.46875,82.0,500.0,-0.05989421,-2.0026262,-0.025128946,0.00037903705,-0.64216185,0.28066412,-0.00037903685,0.0003623631,-0.00033822778,-0.00020357582,0.63536614,0.0019379015,80.0,4304,1.0009525,0.00026859999999999997,-29.159387588500977,48.60686111450195,0.456771334354235,5056000,4606,1071
159,-18.49371,16.178787,-107.15394,-9.844148,486.1875,58.0,500.0,-0.05851916,-1.2240428,-0.025896259,-0.0012902676,-1.319898,0.09569871,0.0012902673,0.0011697335,-0.00046849478,-0.00089048245,0.6346378,0.0020242091,80.0,4304,0.9984952,0.0002684,-28.991291046142578,48.54703903198242,0.45643867590060294,5088000,4637,1052
160,-16.134758,2.4276662,-21.824846,-11.270476,500.0,500.0,500.0,-0.057550065,-0.5472973,-0.01132936,0.00052544795,-0.13004914,0.3330766,-0.00052544795,0.00014353506,-0.00024566834,-7.76563e-05,0.6339083,0.0019917565,80.0,4304,0.99988544,0.00026819999999999996,-28.823991775512695,48.486751556396484,0.456105987855782,5120000,4665,1138
161,-15.862004,3.169307,-23.977266,-11.068105,500.0,500.0,500.0,-0.05758743,-0.81075203,-0.03223519,0.00065049075,-0.20753902,0.43145034,-0.0006504907,0.00011965548,-0.00018391978,-5.6937217e-05,0.6331788,0.0017369639,80.0,4304,1.0012387,0.00026799999999999995,-28.65846061706543,48.426353454589844,0.45577332497020195,5152000,4694,1110
162,-16.776012,12.389265,-113.03879,-9.991982,494.375,140.0,500.0,-0.058159523,-1.6885641,-0.021919884,-0.000297057,-0.5288222,0.08477148,0.00029705686,0.00027771783,-0.00025118177,-0.00016312525,0.63244855,0.0019913195,80.0,4304,0.99943626,0.0002678,-28.496110916137695,48.36528015136719,0.45544066039626957,5184000,4722,1126
163,-16.8068,12.417695,-113.25524,-10.089566,493.625,92.0,500.0,-0.05583383,-0.862857,-0.035807393,-0.0005204863,-1.6037426,0.16780084,0.00052048644,0.00074967096,-0.00031855376,-0.0006085215,0.63171804,0.0020402498,80.0,4304,0.99990636,0.0002676,-28.335247039794922,48.30427932739258,0.45510799449199707,5216000,4751,1118
164,-16.778885,13.067608,-117.780205,-10.323993,494.04688,119.0,500.0,-0.056550834,-1.5264394,-0.01653669,-0.00036462923,-0.54920053,0.16267633,0.0003646296,0.0002849084,-0.00030490514,-0.00019052553,0.6309868,0.0019991058,80.0,4304,0.9987018,0.0002674,-28.176483154296875,48.24286651611328,0.4547753276151376,5248000,4780,1101
165,-16.295233,12.084798,-109.666916,-10.202497,493.60938,91.0,500.0,-0.055962242,-1.4097024,-0.024600655,-0.0003623389,-0.84608144,0.35808718,0.00036233908,0.00061094353,-0.00035296357,-0.00037451045,0.6302548,0.0018901704,80.0,4304,1.000052,0.0002672,-28.01925277709961,48.18135070800781,0.4544426601231844,5280000,4809,1086
166,-16.900501,12.176808,-110.60086,-10.347411,493.45312,81.0,500.0,-0.05706421,-2.0552378,-0.020770527,-0.00018628215,-0.62713766,0.3075052,0.0001862823,0.00037000605,-0.00034008495,-0.00023639326,0.6295227,0.002223057,80.0,4304,0.9982689,0.000267,-27.864225387573242,48.119163513183594,0.4541099923733702,5312000,4838,1120
167,-15.030267,2.78616,-22.230997,-8.98926,500.0,500.0,500.0,-0.053135894,-0.41450074,-0.0196001,0.00030801247,-0.09798571,0.1667404,-0.00030801253,6.229052e-05,-0.00016349659,-2.228733e-05,0.6287898,0.0019091477,80.0,4304,1.0000236,0.0002668,-27.709640502929688,48.057315826416016,0.45377732472266685,5344000,4867,1099
168,-18.53093,16.885742,-115.10889,-10.242274,486.8125,51.0,500.0,-0.05624721,-2.1463182,-0.024122573,-0.0016536749,-1.3067119,0.16631122,0.0016536743,0.0009022722,-0.00044579408,-0.00065820746,0.62805647,0.002242019,80.0,4304,0.9953771,0.0002666,-27.559432983398438,47.994056701660156,0.45344465752778457,5376000,4896,1101
169,-14.704138,2.651354,-24.468088,-9.96947,500.0,500.0,500.0,-0.052885562,-0.28244513,-0.020612113,0.00043370624,-0.058783367,0.1528038,-0.00043370627,4.2562853e-05,-0.00012912268,-1.10081455e-05,0.62732255,0.0017703916,80.0,4304,1.0005671,0.00026639999999999997,-27.40799331665039,47.932132720947266,0.4531119911451714,5408000,4926,1085
170,-15.926897,11.770683,-106.65408,-9.142691,492.96875,50.0,500.0,-0.052451402,-1.3382416,-0.029949047,-0.00078950694,-0.89841896,0.07610874,0.0007895068,0.00054814375,-0.0002661103,-0.00039278757,0.6265879,0.0021501658,80.0,4304,0.99737227,0.00026619999999999997,-27.259248733520508,47.86958312988281,0.45277932593101283,5440000,4954,1120
171,-16.210264,12.078063,-107.98433,-7.807936,493.25,68.0,500.0,-0.05387359,-2.0575924,-0.006639041,-0.00048950623,-1.0557675,0.16875656,0.0004895063,0.00062781485,-0.00033765342,-0.00045936837,0.62585306,0.0021597345,80.0,4304,1.0000874,0.000266,-27.112361907958984,47.806785583496094,0.45244666224123087,5472000,4984,1075
172,-14.453293,2.6831968,-21.65352,-10.001889,500.0,500.0,500.0,-0.04974652,-0.2634424,-0.006642498,8.34778e-05,-0.08952962,0.10720212,-8.347775e-05,5.3952732e-05,-0.0001583947,-1.6331938e-05,0.62511736,0.0018397572,80.0,4304,0.9991406,0.00026579999999999996,-26.965946197509766,47.74429702758789,0.45211400043148375,5504000,5013,1123
173,-14.581928,2.9482424,-25.729292,-9.31792,500.0,500.0,500.0,-0.050066624,-0.2990264,-0.01016064,-0.00014337007,-0.06832226,0.16557312,0.00014336995,4.467967e-05,-0.00013223977,-1.3963041e-05,0.62438166,0.0017395818,80.0,4304,0.9990571,0.00026559999999999995,-26.82166290283203,47.68110656738281,0.4517813408571653,5536000,5043,1079
174,-15.8059845,12.029894,-109.10809,-9.845445,493.125,60.0,500.0,-0.051775713,-1.3046325,-0.019872852,-0.0006509487,-0.87139106,0.17723577,0.0006509488,0.00042893583,-0.000281938,-0.00030877246,0.62364495,0.0019017688,80.0,4304,0.9988066,0.0002654,-26.679513931274414,47.61791229248047,0.45144865696496667,5568000,5071,1134
175,-16.239649,12.0628805,-109.81197,-10.7611265,493.34375,74.0,500.0,-0.05054622,-1.3514802,-0.021761954,-0.0013752807,-1.2949953,0.11824551,0.0013752808,0.0005042891,-0.0002864347,-0.00037689254,0.6229077,0.0022025518,80.0,4304,0.9953607,0.0002652,-26.539613723754883,47.55396270751953,0.4511160029464541,5600000,5100,1107
176,-16.467953,12.896661,-116.13589,-10.211789,493.89062,109.0,500.0,-0.053540442,-2.407139,-0.018865563,-0.0010246736,-0.824204,0.2998139,0.0010246737,0.00046176475,-0.00031206993,-0.00036734468,0.62217,0.002092049,80.0,4304,0.9973018,0.000265,-26.40165901184082,47.489654541015625,0.45078332535917837,5632000,5131,1035
177,-17.336233,17.340435,-116.55867,-10.436196,487.375,66.0,500.0,-0.057296142,-1.9317772,-0.015646003,-0.0009836361,-1.5240861,0.19194347,0.0009836361,0.0011388585,-0.0004746755,-0.00085560273,0.6214317,0.0024805402,80.0,4304,0.99998045,0.0002648,-26.26565170288086,47.42555236816406,0.45045067831485874,5664000,5160,1100
178,-15.924162,12.549184,-111.928024,-9.262017,493.67188,95.0,500.0,-0.054685652,-1.3969483,-0.015360735,-0.00052113296,-0.7421193,0.28963897,0.0005211328,0.00050991395,-0.00039829215,-0.00035888623,0.6206931,0.0022122376,80.0,4304,1.0002493,0.0002646,-26.13030433654785,47.36139678955078,0.45011800844982525,5696000,5189,1088
179,-16.19157,12.052507,-109.68777,-9.651787,493.125,60.0,500.0,-0.05507506,-1.5347499,-0.004262276,7.6025426e-05,-1.0362278,0.24619861,-7.602543e-05,0.00048760118,-0.00036735844,-0.00031206734,0.6199537,0.0022218265,80.0,4304,1.0013443,0.0002644,-25.9960880279541,47.297325134277344,0.44978534298665324,5728000,5218,1111
180,-17.51394,16.949106,-114.62954,-9.470034,487.23077,47.0,500.0,-0.05522634,-1.7969712,-0.012650922,-0.0010832469,-0.8266616,0.25028107,0.0010832465,0.00090430595,-0.00049456046,-0.00068546075,0.6192138,0.0023373412,80.0,4304,0.9986639,0.00026419999999999997,-25.864452362060547,47.23286437988281,0.4494526554894021,5760000,5247,1101
181,-14.168655,2.426771,-19.432968,-9.053541,500.0,500.0,500.0,-0.050138697,-0.37851176,-0.021124624,3.5368725e-05,-0.07257388,0.25865352,-3.5368714e-05,6.0902603e-05,-0.00014932995,-2.430526e-05,0.6184732,0.0016734751,80.0,4304,0.99809915,0.00026399999999999997,-25.732290267944336,47.16878128051758,0.44911999991009005,5792000,5277,1080
182,-16.066677,12.784524,-115.31242,-9.542382,493.625,92.0,500.0,-0.05243856,-1.9080288,-0.0096387565,-0.0008778574,-0.628204,0.1381733,0.0008778575,0.00038260897,-0.00030121574,-0.00029032066,0.61773235,0.0022016917,80.0,4304,0.9969249,0.00026379999999999996,-25.6027889251709,47.104248046875,0.4487873230426,5824000,5305,1128
183,-14.574871,2.603067,-22.895317,-10.2959795,500.0,500.0,500.0,-0.049502738,-0.25243104,-0.027817436,-0.0003430261,-0.06190698,0.10246223,0.00034302607,3.0991454e-05,-0.00010747133,-5.3389895e-06,0.616991,0.0017008495,80.0,4304,0.99799335,0.0002636,-25.47368621826172,47.039794921875,0.4484546787590959,5856000,5333,1169
184,-15.386106,12.6979,-112.69088,-8.023617,494.35938,139.0,500.0,-0.051345024,-2.1717749,-0.02495008,-0.00087670196,-0.6318185,0.18933265,0.00087670214,0.00040273732,-0.00029398012,-0.00027838117,0.6162487,0.002208907,80.0,4304,0.99797374,0.00026339999999999995,-25.34686851501465,46.97529220581055,0.44812198722208024,5888000,5361,1133
185,-17.08073,16.258497,-107.04426,-8.807785,486.01562,51.0,500.0,-0.053312745,-1.1161854,-0.031587616,-0.0012261524,-1.165824,0.23337668,0.0012261528,0.0013464721,-0.00050671585,-0.0011137703,0.6155061,0.0023483583,80.0,4304,0.9988071,0.00026319999999999995,-25.221416473388672,46.911033630371094,0.4477893289736703,5920000,5390,1105
186,-13.679321,2.5759766,-24.181112,-8.148145,500.0,500.0,500.0,-0.049148902,-0.36138147,0.0060132667,0.00018917755,-0.124220505,0.18806171,-0.00018917752,5.8476042e-05,-0.00015446809,-2.3673223e-05,0.61476296,0.0017162013,80.0,4304,0.9986502,0.000263,-25.095735549926758,46.84706497192383,0.4474566776357873,5952000,5418,1143
187,-13.946112,2.9014854,-20.267141,-9.488252,500.0,500.0,500.0,-0.05041763,-0.4561516,-0.026476417,0.00033739198,-0.08484084,0.28205296,-0.00033739198,5.1964264e-05,-0.00013675346,-2.2047912e-05,0.6140193,0.0016923193,80.0,4304,0.9991344,0.0002628,-24.971467971801758,46.7829704284668,0.4471240069093927,5984000,5447,1108
188,-16.736298,17.80384,-118.25607,-8.427441,487.58463,80.0,500.0,-0.052516297,-2.5227418,-0.022756442,-0.0015946116,-0.83862567,0.3793366,0.0015946111,0.0008594335,-0.000461563,-0.000719109,0.613275,0.0023492079,80.0,4304,0.9965606,0.0002626,-24.850502014160156,46.718570709228516,0.4467913438361667,6016000,5476,1119
189,-13.9445505,4.0948114,-35.89944,-9.172519,500.0,500.0,500.0,-0.051340405,-0.7279098,-0.017775089,0.00058057404,-0.19098186,0.2638259,-0.00058057415,9.610636e-05,-0.0001867424,-5.130107e-05,0.6125301,0.002006191,80.0,4304,1.000449,0.0002624,-24.72877311706543,46.65448760986328,0.44645866215618046,6048000,5506,1061
190,-13.937648,2.7079468,-23.312773,-7.785275,500.0,500.0,500.0,-0.050147228,-0.3777559,-0.025133424,0.00041815251,-0.11656293,0.1807748,-0.0004181525,4.28108e-05,-0.00012969779,-1.4073725e-05,0.6117846,0.0016956807,80.0,4304,0.9998115,0.0002622,-24.60819435119629,46.590476989746094,0.4461259888709086,6080000,5536,1079
191,-13.821927,2.2258432,-18.796537,-9.081275,500.0,500.0,500.0,-0.04923862,-0.298781,-0.021692153,0.00026687724,-0.04321054,0.09559113,-0.0002668773,2.6844697e-05,-9.684065e-05,-5.810433e-06,0.6110386,0.0016132807,80.0,4304,0.9995255,0.00026199999999999997,-24.488977432250977,46.526329040527344,0.4457933243308825,6112000,5566,1068
192,-15.034655,12.009574,-107.742905,-7.4278426,493.15625,62.0,500.0,-0.050666552,-0.9529461,-0.027238414,-0.00050189544,-1.2019634,0.18865843,0.00050189544,0.0006925973,-0.00028319465,-0.00057452446,0.61029243,0.0019529272,80.0,4304,0.99989927,0.00026179999999999997,-24.37152862548828,46.46230697631836,0.4454606688863582,6144000,5594,1149
193,-16.304316,17.262577,-112.49914,-9.249733,486.57812,57.0,500.0,-0.05211661,-1.5345496,-0.0057644174,-0.0012599226,-1.431087,0.6594134,0.001259922,0.0015308735,-0.000571917,-0.0012890314,0.6095451,0.0025952766,80.0,4304,0.9983735,0.00026159999999999996,-24.256114959716797,46.39826202392578,0.4451279963556191,6176000,5622,1115
194,-19.660778,24.270348,-125.52986,-8.203263,476.34848,76.0,500.0,-0.056451302,-1.7172551,-0.017450042,-0.0030210505,-1.1669238,0.5545834,0.0030210486,0.0020030453,-0.00094885577,-0.0015119202,0.60879743,0.0034372697,80.0,4304,0.995776,0.00026139999999999996,-24.144765853881836,46.33333969116211,0.44479533365972057,6208000,5650,1152
195,-12.742732,2.2689812,-18.341936,-6.8655577,500.0,500.0,500.0,-0.04909352,-0.35707992,0.007675126,0.0008589198,-0.1044485,0.21766151,-0.00085891987,7.564328e-05,-0.00017306188,-3.5024288e-05,0.60804933,0.001846438,80.0,4304,1.0015626,0.0002612,-24.029767990112305,46.26976776123047,0.4444626546560482,6240000,5678,1147
196,-13.1734295,3.0255938,-25.65288,-7.6855826,500.0,500.0,500.0,-0.048888326,-0.66861975,-0.023711257,0.00051238656,-0.1657107,0.4145236,-0.00051238656,0.000100170175,-0.00019291618,-4.7761725e-05,0.6073007,0.0017806747,80.0,4304,1.0003085,0.000261,-23.916139602661133,46.20602035522461,0.444130012697655,6272000,5706,1139
197,-14.825475,11.966177,-108.18256,-8.947353,492.98438,51.0,500.0,-0.049400467,-0.78446907,-0.02789525,-0.00034570042,-1.5128627,0.069140494,0.00034570048,0.0007638404,-0.00027716495,-0.0006131282,0.6065513,0.0016753359,80.0,4304,1.000171,0.00026079999999999994,-23.804330825805664,46.14222717285156,0.44379732871677574,6304000,5737,1035
198,-13.281886,3.2363784,-25.934883,-8.5043955,500.0,500.0,500.0,-0.048616353,-0.54692584,-0.02339328,0.00056358,-0.15643616,0.32214105,-0.0005635801,0.00011803713,-0.0002145741,-6.636759e-05,0.6058015,0.001830606,80.0,4304,0.99997926,0.0002606,-23.69301414489746,46.078495025634766,0.4434646560460772,6336000,5766,1118
199,-15.414186,17.334389,-111.57401,-7.924405,487.36923,77.0,500.0,-0.049149215,-0.63484764,0.0048081204,-0.001287542,-1.5724442,0.16532266,0.0012875414,0.0017465889,-0.0005254525,-0.0015075163,0.605051,0.0019968823,80.0,4304,0.9997481,0.0002604,-23.58421516418457,46.01498031616211,0.44313199503386647,6368000,5794,1138
200,-15.20236,12.255131,-109.54172,-9.543912,493.35938,75.0,500.0,-0.048595436,-1.7209098,-0.020412289,-0.0007362767,-0.6248037,0.18440057,0.0007362766,0.00038448855,-0.00030329198,-0.0003031633,0.6043,0.0020087953,80.0,4304,0.9977932,0.0002602,-23.476104736328125,45.95107650756836,0.4427993460281706,6400000,5823,1127
201,-14.604691,12.12692,-108.311264,-8.479108,492.98438,51.0,500.0,-0.04879706,-1.1460885,-0.027759466,-0.00032948525,-1.1965156,0.22157615,0.0003294861,0.0006753465,-0.00034636067,-0.0005563243,0.60354835,0.0021333692,80.0,4304,0.99962187,0.00026,-23.36845588684082,45.88766860961914,0.44246665663059725,6432000,5852,1097
202,-15.2438545,12.545415,-111.43774,-8.432495,493.45312,81.0,500.0,-0.051443014,-2.4373097,-0.018540904,-0.00021345037,-0.560331,0.30681825,0.00021345055,0.00041191353,-0.00039484,-0.00026876375,0.6027962,0.0023569912,80.0,4304,1.000087,0.00025979999999999997,-23.262712478637695,45.82369613647461,0.44213400636730055,6464000,5882,1065
203,-17.651945,19.879698,-109.77099,-8.184293,479.2154,33.0,500.0,-0.05134356,-2.4787827,-0.0014473721,-0.001715823,-1.6487275,0.5375585,0.0017158241,0.0016520771,-0.00070111314,-0.0013579675,0.6020435,0.0026153917,80.0,4304,0.99743754,0.00025959999999999997,-23.158584594726562,45.76014709472656,0.4418013428591523,6496000,5912,1074
204,-12.8347645,2.3830369,-22.305893,-8.979483,500.0,500.0,500.0,-0.0457652,-0.6316702,-0.013173848,0.00036574883,-0.09500046,0.3915488,-0.00036574886,0.00011812702,-0.00020817436,-7.9231366e-05,0.60129035,0.0018956065,80.0,4304,0.9990461,0.00025939999999999996,-23.05353355407715,45.69682693481445,0.4414686665125346,6528000,5942,1077
205,-14.515812,12.831216,-114.231445,-8.481504,493.40625,78.0,500.0,-0.04695968,-1.8216847,-0.018289886,-0.00091568107,-1.1951092,0.23303422,0.0009156812,0.000622393,-0.00031343396,-0.00049477746,0.60053647,0.0021530462,80.0,4304,0.9974891,0.00025919999999999996,-22.95037078857422,45.63350296020508,0.4411360040273004,6560000,5970,1115
206,-13.8743725,3.422411,-30.005396,-9.335742,500.0,500.0,500.0,-0.046751875,-0.37921906,-0.02147922,-0.00023935788,-0.0938861,0.20366675,0.00023935783,5.776639e-05,-0.00015773611,-2.5614732e-05,0.59978217,0.0017774194,80.0,4304,0.9969602,0.00025899999999999995,-22.847814559936523,45.56990051269531,0.44080332947585166,6592000,6001,1030
207,-14.900453,12.194135,-109.04279,-7.0937004,493.34375,74.0,500.0,-0.047747504,-1.6180382,-0.015979357,-0.0010270971,-0.7234822,0.088859364,0.001027097,0.00044588835,-0.00027493326,-0.00034834724,0.59902704,0.0019604356,80.0,4304,0.99737024,0.0002588,-22.746700286865234,45.50662612915039,0.44047066951781416,6624000,6029,1150
208,-14.304185,12.668522,-112.97513,-6.734982,493.45312,81.0,500.0,-0.04760193,-2.1011062,-0.022190742,-0.00068219996,-0.7124601,0.2702254,0.00068219996,0.0003647321,-0.00026652362,-0.00026934553,0.5982715,0.0018746835,80.0,4304,0.9986048,0.0002586,-22.646360397338867,45.44365692138672,0.4401379982646756,6656000,6059,1074
209,-14.82347,12.735295,-113.11386,-7.855502,493.60938,91.0,500.0,-0.04852681,-1.8740575,0.008890979,-0.00072819827,-0.47261393,0.2928416,0.00072819844,0.00036479824,-0.00035401524,-0.00027266474,0.59751546,0.0020412374,80.0,4304,0.99791884,0.00025839999999999994,-22.547279357910156,45.38054275512695,0.43980534233583224,6688000,6087,1130
210,-14.69512,12.238426,-110.178535,-8.357929,493.20312,65.0,500.0,-0.04805838,-2.0430908,-0.025922172,-0.0004701116,-0.5474033,0.16677612,0.00047011173,0.00026476802,-0.00023399093,-0.00019664264,0.5967588,0.0019434863,80.0,4304,0.9984008,0.0002582,-22.448823928833008,45.31767272949219,0.4394726758818547,6720000,6119,1030
211,-12.949663,3.2665427,-24.40721,-6.2435308,500.0,500.0,500.0,-0.046175536,-0.67812145,-0.0068374723,-0.00017744808,-0.2549502,0.2646498,0.00017744795,0.00010018184,-0.00018234365,-5.995538e-05,0.5960015,0.0018811282,80.0,4304,0.99801314,0.000258,-22.350528717041016,45.25497055053711,0.4391399993071233,6752000,6148,1081
212,-13.204695,3.2642305,-24.67842,-7.5511847,500.0,500.0,500.0,-0.04652952,-0.42492154,-0.028649174,6.401735e-05,-0.09197063,0.26903448,-6.4017484e-05,5.8469966e-05,-0.00014872549,-2.639616e-05,0.5952436,0.0018766773,80.0,4304,0.99883884,0.0002578,-22.253219604492188,45.19230270385742,0.4388073391706853,6784000,6178,1081
213,-16.710726,18.556007,-122.42462,-8.758923,488.78125,128.0,500.0,-0.05108026,-2.097266,-0.004495442,-0.0017326286,-1.0925204,0.3597585,0.0017326276,0.0010436091,-0.00050711574,-0.0008979009,0.5944853,0.0035184082,80.0,4304,0.9972121,0.0002576,-22.15935516357422,45.12919235229492,0.43847466968173093,6816000,6206,1120
214,-14.829376,12.569497,-111.792595,-9.24338,493.15625,62.0,500.0,-0.047574308,-1.1668323,-0.015553109,-0.0010774386,-1.0548989,0.11920721,0.0010774393,0.0007394175,-0.00033141515,-0.0005922127,0.5937263,0.0021800855,80.0,4304,0.9983461,0.00025739999999999997,-22.064666748046875,45.066612243652344,0.43814199124377295,6848000,6236,1091
215,-16.142395,17.258917,-114.700005,-9.15344,486.76562,58.0,500.0,-0.05009285,-2.2909281,-0.01851216,-0.0015407852,-0.92473084,0.17270753,0.0015407855,0.000878766,-0.00045508175,-0.00070356904,0.59296674,0.0021604218,80.0,4304,0.9983877,0.00025719999999999996,-21.971628189086914,45.004154205322266,0.4378093303555031,6880000,6264,1133
216,-14.979105,14.730524,-126.63556,-8.546417,495.29688,199.0,500.0,-0.049998246,-0.97642744,-0.017305277,-0.00089581544,-1.4836022,0.46890184,0.00089581526,0.0011300255,-0.00045871641,-0.00096652785,0.5922066,0.0025927818,80.0,4304,0.99881244,0.00025699999999999996,-21.87946891784668,44.941436767578125,0.43747666128472573,6912000,6294,1077
217,-14.240089,11.65449,-103.64115,-8.654342,492.67188,31.0,500.0,-0.048346706,-0.8805541,-0.011555038,-0.00039382596,-1.4510174,0.28565663,0.00039382596,0.0007805168,-0.0003083151,-0.000634653,0.59144586,0.0020880084,80.0,4304,0.9993913,0.00025679999999999995,-21.786815643310547,44.879432678222656,0.4371440104898926,6944000,6323,1104
218,-13.598316,12.3642,-110.16775,-7.897816,493.28125,70.0,500.0,-0.048141357,-2.4527593,-0.024104532,-0.00030742047,-0.85083324,0.21874332,0.0003074201,0.00042282368,-0.00027255053,-0.00033613815,0.5906846,0.0017987418,80.0,4304,0.9993277,0.00025659999999999995,-21.69506072998047,44.817752838134766,0.43681132624189584,6976000,6351,1121
219,-17.93401,21.225471,-120.09161,-8.418467,480.17188,52.0,500.0,-0.05016387,-1.56917,0.04540932,-0.002856012,-1.7608047,0.18077253,0.0028560117,0.0017491748,-0.0006434557,-0.0014984977,0.58992285,0.0029919907,80.0,4304,0.99602467,0.0002564,-21.606287002563477,44.75566482543945,0.43647866103458605,7008000,6379,1148
220,-14.568832,12.126959,-108.16864,-8.806722,493.10938,59.0,500.0,-0.048844017,-1.6756766,-0.017296247,-0.00047379202,-0.7858528,0.2328509,0.00047379168,0.0005310998,-0.00032696035,-0.00038945567,0.5891602,0.0020441338,80.0,4304,0.99967897,0.0002562,-21.516443252563477,44.693946838378906,0.4361459892139098,7040000,6409,1079
221,-12.899407,2.5354223,-20.235752,-9.177897,500.0,500.0,500.0,-0.048943497,-0.6273771,-0.025905557,0.00083221815,-0.15669265,0.29720962,-0.0008322179,0.00014590312,-0.00022259948,-9.707415e-05,0.588397,0.0019467098,80.0,4304,1.0002476,0.00025599999999999993,-21.42665672302246,44.63242721557617,0.43581333715783044,7072000,6439,1083
222,-18.00732,20.205095,-108.17092,-7.2613907,479.125,52.0,500.0,-0.051006697,-1.6627314,-0.011286162,-0.0024976197,-1.129261,0.09686442,0.0024976202,0.0016929978,-0.0006169465,-0.0014646052,0.5876337,0.0028414153,80.0,4304,0.99671614,0.0002558,-21.33988380432129,44.57076644897461,0.4354806792513622,7104000,6468,1077
223,-12.6276,2.5346544,-20.952667,-7.6799474,500.0,500.0,500.0,-0.048019174,-0.81695,0.01355917,0.00063677575,-0.19085307,0.47077745,-0.0006367756,0.00011914999,-0.00016501045,-7.964939e-05,0.5868693,0.0016477855,80.0,4304,0.99946207,0.0002556,-21.25141143798828,44.509742736816406,0.4351479899585361,7136000,6496,1167
224,-17.794907,20.367252,-112.220314,-8.091697,480.23077,51.0,500.0,-0.05246985,-1.8992219,-0.030846499,-0.0019126759,-1.4748981,0.24827144,0.0019126764,0.0018322743,-0.0007200843,-0.0015118502,0.5861045,0.0029470515,80.0,4304,0.999275,0.0002554,-21.166332244873047,44.448402404785156,0.43481532157344205,7168000,6524,1151
225,-12.534945,2.1964376,-18.742298,-8.070887,500.0,500.0,500.0,-0.048763946,-0.34274602,-0.0041276217,0.00083549385,-0.05274578,0.1732959,-0.0008354939,5.7363883e-05,-0.00013767384,-3.2107197e-05,0.5853394,0.0016623263,80.0,4304,1.0019443,0.00025519999999999997,-21.07945442199707,44.3875846862793,0.43448267443687405,7200000,6553,1101
226,-12.584616,2.5498533,-17.68122,-6.705466,500.0,500.0,500.0,-0.048900556,-0.32643202,-0.027584016,0.0007924274,-0.058147404,0.16350126,-0.00079242745,3.8912607e-05,-0.000116399315,-1.5465514e-05,0.5845733,0.0016281552,80.0,4304,1.0002117,0.00025499999999999996,-20.99334716796875,44.32688903808594,0.4341499971346156,7232000,6581,1134
227,-14.0702095,12.000979,-107.35592,-7.35732,492.98438,51.0,500.0,-0.049269687,-1.7001934,-0.030491441,-0.00034116107,-0.952405,0.12221964,0.00034116083,0.0006216999,-0.0002658193,-0.00048612885,0.5838069,0.0017762608,80.0,4304,1.0003636,0.00025479999999999996,-20.90854263305664,44.26636505126953,0.4338173418408915,7264000,6610,1101
228,-12.505917,2.6632597,-19.198265,-7.8936396,500.0,500.0,500.0,-0.04764625,-0.56460345,-0.007107176,0.0005036802,-0.14812961,0.3069675,-0.00050368014,8.587957e-05,-0.00016097113,-5.0413117e-05,0.58303964,0.0017291636,80.0,4304,0.99991286,0.0002546,-20.823970794677734,44.205894470214844,0.43348465722020074,7296000,6640,1078
229,-12.790861,2.1293082,-19.939444,-8.6913185,500.0,500.0,500.0,-0.047370203,-0.435018,-0.03248006,0.00035278327,-0.14160037,0.13929547,-0.0003527833,4.039463e-05,-0.000120320765,-1.5742975e-05,0.582272,0.0015033357,80.0,4304,1.0004628,0.00025439999999999995,-20.740238189697266,44.14546203613281,0.43315199536685484,7328000,6669,1112
230,-12.843596,2.2700357,-18.343046,-8.055682,500.0,500.0,500.0,-0.04778284,-0.43868798,-0.017190143,0.00045269335,-0.1066853,0.21001978,-0.00045269332,5.158872e-05,-0.0001308794,-2.7665837e-05,0.58150387,0.0017258141,80.0,4304,1.0000399,0.00025419999999999994,-20.657241821289062,44.08515548706055,0.4328193308221089,7360000,6696,1174
231,-12.862909,3.023442,-24.91518,-7.6586375,500.0,500.0,500.0,-0.04829103,-0.6884204,-0.032381877,0.00024388138,-0.21312717,0.39821833,-0.00024388131,8.438434e-05,-0.00015531568,-4.7260855e-05,0.5807348,0.0017852542,80.0,4304,0.99989325,0.000254,-20.575050354003906,44.02492141723633,0.4324866639844446,7392000,6726,1084
232,-12.23278,2.58351,-18.529234,-6.1422477,500.0,500.0,500.0,-0.046382714,-0.34343708,-0.032087527,0.0003979417,-0.036315113,0.15185721,-0.00039794174,1.6597158e-05,-7.1141876e-05,-1.5524183e-06,0.5799653,0.0014691979,80.0,4304,1.0009985,0.0002538,-20.493221282958984,43.9650993347168,0.43215399525204157,7424000,6755,1114
233,-15.60555,16.646658,-107.255,-8.45985,486.2154,46.0,500.0,-0.049883097,-2.1706972,-0.009457029,-0.0013384323,-1.129174,0.29815522,0.001338433,0.0012836325,-0.00049969554,-0.0009840482,0.5791951,0.0026797901,80.0,4304,0.99784464,0.0002536,-20.41337776184082,43.905372619628906,0.4318213250227766,7456000,6783,1111
234,-12.667593,2.5493267,-21.0309,-8.013629,500.0,500.0,500.0,-0.046186626,-0.56970817,-0.016114071,0.0002637355,-0.14679946,0.359958,-0.00026373548,7.6501674e-05,-0.00015627236,-4.1980788e-05,0.5784246,0.0019151568,80.0,4304,0.99877226,0.0002534,-20.333097457885742,43.84569549560547,0.43148867941295177,7488000,6812,1142
235,-14.195269,12.010156,-106.94801,-8.269018,492.82812,41.0,500.0,-0.047473952,-1.4929549,-0.026453424,-0.00046923518,-1.37201,0.26213837,0.0004692353,0.00063605397,-0.0003137273,-0.0005330028,0.5776533,0.0020765974,80.0,4304,0.9991255,0.0002532,-20.254030227661133,43.786155700683594,0.43115600736254994,7520000,6840,1114
236,-12.033394,2.1785886,-20.366093,-7.437052,500.0,500.0,500.0,-0.04523851,-0.41230142,-0.029525694,0.00047985674,-0.06405301,0.17346513,-0.00047985674,3.1742584e-05,-0.00010487213,-1.1686141e-05,0.57688135,0.0015870663,80.0,4304,0.99996763,0.00025299999999999997,-20.17464256286621,43.72714614868164,0.4308233350070929,7552000,6869,1112
237,-11.836306,2.2080102,-16.547853,-7.160638,500.0,500.0,500.0,-0.04399918,-0.2621471,-0.028294265,0.00024334296,-0.06270017,0.092436336,-0.0002433429,1.9962295e-05,-8.4563806e-05,-4.8709644e-06,0.5761089,0.0015785131,80.0,4304,0.99846554,0.00025279999999999996,-20.095869064331055,43.66831970214844,0.4304906627432392,7584000,6898,1114
238,-15.1976185,17.443024,-113.83999,-7.325852,486.40625,58.0,500.0,-0.046601586,-1.7082351,-0.021266833,-0.0017155436,-1.2350718,0.06497836,0.0017155433,0.0010265097,-0.00044252843,-0.000842707,0.57533586,0.003089878,80.0,4304,0.99687845,0.00025259999999999996,-20.01924705505371,43.60957336425781,0.4301579909673412,7616000,6928,1075
239,-14.578216,12.90008,-115.24835,-8.54158,493.84375,106.0,500.0,-0.048857294,-2.3665955,-0.025871709,-0.00036798642,-0.5228251,0.26883617,0.0003679864,0.00026742637,-0.00028429215,-0.00019654316,0.5745621,0.0021600195,80.0,4304,0.9983181,0.00025239999999999996,-19.943172454833984,43.55060958862305,0.4298253456950303,7648000,6957,1104
240,-14.855318,17.148546,-109.44063,-6.839672,486.45312,63.0,500.0,-0.04638817,-2.2592664,-0.028727401,-0.0016729775,-1.7550275,0.19207895,0.0016729792,0.0013951778,-0.000483105,-0.0012117443,0.5737878,0.002659707,80.0,4304,0.9977009,0.0002522,-19.8677921295166,43.49217224121094,0.4294926760630428,7680000,6987,1053
241,-14.19684,15.050897,-131.10406,-7.6424446,496.0625,248.0,500.0,-0.051035605,-2.1807363,-0.019312926,-1.9688248e-05,-0.5827414,0.45797315,1.9688247e-05,0.00046531908,-0.0003977695,-0.00035686008,0.57301325,0.002475584,80.0,4304,0.9999995,0.00025199999999999995,-19.793230056762695,43.4334716796875,0.4291600081062228,7712000,7016,1107
242,-11.789936,2.226053,-17.979042,-7.4969068,500.0,500.0,500.0,-0.047243316,-0.5560157,-0.029604997,0.0009486639,-0.13555568,0.31607485,-0.0009486638,9.598912e-05,-0.00017056832,-5.9814825e-05,0.5722376,0.0017657481,80.0,4304,1.0023012,0.00025179999999999994,-19.717750549316406,43.375274658203125,0.42882734221969016,7744000,7047,1051
243,-12.776882,12.188483,-107.70505,-7.173296,492.90625,46.0,500.0,-0.04665551,-1.4175748,-0.030148633,0.00030657733,-1.163322,0.17501716,-0.00030657745,0.0004726086,-0.00027240807,-0.00036858243,0.5714616,0.001817787,80.0,4304,1.0023391,0.0002516,-19.643081665039062,43.31753921508789,0.42849467879825487,7776000,7076,1100
244,-13.751168,12.40219,-110.80301,-7.9566894,493.42188,79.0,500.0,-0.046279676,-1.7760437,-0.027254336,-0.0004910218,-0.8423955,0.2808637,0.0004910218,0.00058019377,-0.00032043757,-0.0004812572,0.5706848,0.0020974956,80.0,4304,1.0001135,0.0002514,-19.56956672668457,43.259674072265625,0.4281619927159722,7808000,7105,1087
245,-11.828734,2.6443186,-19.217407,-7.592094,500.0,500.0,500.0,-0.043602303,-0.5614186,0.0031520203,0.00021082204,-0.1312058,0.2606085,-0.000210822,7.081351e-05,-0.00015281729,-4.076661e-05,0.56990767,0.001888359,80.0,4304,0.9994419,0.0002512,-19.49591064453125,43.20193099975586,0.4278293354277467,7840000,7136,1055
246,-13.744106,12.226067,-108.54782,-7.6340327,493.10938,59.0,500.0,-0.043653212,-1.6280476,-0.026384324,-0.0011438987,-0.8973602,0.0653574,0.0011438986,0.00057477894,-0.00027889656,-0.00046965506,0.5691299,0.0020457392,80.0,4304,0.9975365,0.000251,-19.423547744750977,43.144309997558594,0.4274966563063952,7872000,7165,1098
247,-11.879974,2.200992,-18.020773,-7.4948416,500.0,500.0,500.0,-0.04190333,-0.34415728,-0.017963037,7.2418916e-05,-0.1111229,0.19936869,-7.2418916e-05,3.839221e-05,-0.000123492,-1.7821647e-05,0.56835127,0.0017929871,80.0,4304,0.99985147,0.00025079999999999997,-19.351011276245117,43.0869140625,0.4271640067268829,7904000,7195,1075
248,-11.918251,2.224255,-18.930853,-8.143159,500.0,500.0,500.0,-0.041995242,-0.87951547,-0.020853363,-0.00021304864,-0.26288602,0.5281468,0.00021304894,0.00011827951,-0.00014672929,-8.661985e-05,0.5675722,0.0018251473,80.0,4304,0.99742687,0.00025059999999999997,-19.27913475036621,43.02960205078125,0.4268313361407143,7936000,7224,1095
249,-13.521232,12.167535,-107.14155,-7.0740414,492.79688,39.0,500.0,-0.04329644,-0.86430496,-0.02496995,-0.00060617656,-2.1157722,0.25981382,0.0006061768,0.0011320321,-0.00032865524,-0.0009027832,0.5667925,0.0020772684,80.0,4304,0.99802905,0.00025039999999999996,-19.20819854736328,42.972572326660156,0.42649867042161166,7968000,7252,1122
250,-17.579992,23.680868,-118.461655,-6.9637413,474.15152,37.0,500.0,-0.045708146,-1.6045152,-0.025419638,-0.0037253995,-2.008925,0.274553,0.0037253995,0.0033588258,-0.00092602655,-0.0028243207,0.56601226,0.005015141,80.0,4304,0.99599403,0.00025019999999999996,-19.13978385925293,42.915889739990234,0.42616600996219556,8000000,7283,1057
251,-11.6163025,2.5132637,-19.490559,-6.5379066,500.0,500.0,500.0,-0.043260723,-0.77248836,-0.018847197,0.0008871047,-0.11401217,0.44516978,-0.0008871047,0.00017656617,-0.00024600112,-0.00013440601,0.5652314,0.0020019142,80.0,4304,1.0005441,0.00025,-19.069337844848633,42.859256744384766,0.42583332977312577,8032000,7312,1085
252,-13.264431,12.999064,-114.36232,-7.5399504,494.28125,134.0,500.0,-0.043108545,-0.8279776,-0.020677917,-0.0010805635,-1.821975,0.18392013,0.0010805634,0.0008346117,-0.0003391433,-0.0007275937,0.5644497,0.0023902887,80.0,4304,0.99738705,0.0002498,-19.00048828125,42.80267333984375,0.4255006556676926,8064000,7341,1118
253,-13.233497,13.005436,-114.938126,-7.6238666,493.75,100.0,500.0,-0.044048578,-1.8877368,-0.024637483,-0.0009374124,-0.9181788,0.12793835,0.0009374124,0.00048397545,-0.0002868402,-0.00037102756,0.5636677,0.0022160518,80.0,4304,0.99783564,0.00024959999999999994,-18.932069778442383,42.74628448486328,0.42516798803756656,8096000,7369,1141
254,-13.174284,12.634449,-111.521805,-7.424072,493.23438,67.0,500.0,-0.04314138,-2.0810647,-0.021032572,-0.0009765313,-0.8787684,0.2048986,0.00097653165,0.0005077582,-0.00028711552,-0.00040535122,0.5628848,0.0025035352,80.0,4304,0.99806714,0.0002494,-18.864078521728516,42.69002914428711,0.4248353272741007,8128000,7398,1112
255,-15.059052,17.884983,-116.2331,-7.0526013,487.20312,64.0,500.0,-0.047221657,-1.8478814,-0.022557274,-0.0016794546,-1.0211246,0.4927901,0.0016794543,0.0012754438,-0.00062652584,-0.0009847204,0.5621015,0.002785011,80.0,4304,0.9971136,0.0002492,-18.797548294067383,42.6338996887207,0.4245026737683298,8160000,7427,1111
256,-11.338201,2.4057703,-18.66839,-6.6832175,500.0,500.0,500.0,-0.04401529,-0.70893687,-0.018991202,0.00083921576,-0.13488142,0.43769142,-0.00083921565,0.000105819236,-0.00019083286,-6.433045e-05,0.56131744,0.0018474392,80.0,4304,1.0019271,0.000249,-18.729707717895508,42.57810592651367,0.42417000262846627,8192000,7456,1091
257,-13.285048,12.436385,-109.03081,-7.245265,493.03125,54.0,500.0,-0.044423673,-0.5982184,-0.02068805,-0.00071175396,-2.0137365,0.1401831,0.0007117546,0.0011165936,-0.00036535301,-0.0008479631,0.560533,0.002015025,80.0,4304,0.99911433,0.0002488,-18.66312599182129,42.52239227294922,0.4238373395670641,8224000,7484,1160
258,-13.0687275,12.106261,-106.21805,-7.057441,493.0,52.0,500.0,-0.046989746,-0.9896969,-0.016480297,-2.4822712e-05,-1.5697213,0.53788126,2.482254e-05,0.001242561,-0.0005374983,-0.0009962233,0.5597478,0.0022896733,80.0,4304,1.0000477,0.00024859999999999997,-18.59685707092285,42.46696472167969,0.42350465973135176,8256000,7513,1105
259,-11.839019,2.6534305,-19.980682,-6.9564614,500.0,500.0,500.0,-0.045046367,-0.6289854,-0.019965947,0.0007054194,-0.10438163,0.32097688,-0.00070541946,0.00010472171,-0.00020984437,-6.383445e-05,0.5589619,0.0018017831,80.0,4304,1.000776,0.0002484,-18.53067398071289,42.411556243896484,0.4231719887935835,8288000,7540,1165
260,-11.54736,2.5308993,-18.965204,-6.969909,500.0,500.0,500.0,-0.04348618,-0.42588353,-0.025899336,0.0005091221,-0.117140874,0.16890185,-0.0005091222,5.6806934e-05,-0.00014750625,-2.7858187e-05,0.5581755,0.0016658953,80.0,4304,1.0003088,0.00024819999999999996,-18.465003967285156,42.35628890991211,0.4228393271431886,8320000,7569,1108
261,-11.973017,2.7124019,-19.556097,-7.793839,500.0,500.0,500.0,-0.0434804,-0.6072869,-0.026100717,2.4022773e-05,-0.18555917,0.33492017,-2.4022724e-05,7.9532605e-05,-0.0001544467,-4.4094086e-05,0.55738837,0.0019248697,80.0,4304,0.99850094,0.00024799999999999996,-18.39998435974121,42.30105972290039,0.42250667516927376,8352000,7599,1085
262,-13.251125,12.079135,-106.70441,-7.0461855,493.0,52.0,500.0,-0.0452644,-1.3869147,-0.028520457,-0.0006486027,-0.98383296,0.107244305,0.00064860226,0.00059750123,-0.00027705895,-0.0004996178,0.55660063,0.0019255156,80.0,4304,0.9980651,0.0002478,-18.335853576660156,42.24614715576172,0.4221740080970898,8384000,7629,1072
263,-13.185767,12.341691,-108.63315,-7.005654,493.10938,59.0,500.0,-0.044345398,-1.3068553,-0.026858725,-0.00081977213,-1.2093878,0.3243129,0.00081977196,0.0009280344,-0.00034506945,-0.00083283824,0.5558124,0.0021169377,80.0,4304,0.9981501,0.0002476,-18.272323608398438,42.19133758544922,0.4218413263745798,8416000,7658,1096
264,-13.571846,12.10188,-104.70804,-6.8790565,492.75,36.0,500.0,-0.045531288,-2.058545,-0.027559064,-0.00040295132,-1.0348136,0.32640797,0.0004029517,0.0005173711,-0.00029896462,-0.00038219724,0.5550236,0.002215033,80.0,4304,0.99814415,0.0002474,-18.209190368652344,42.13662338256836,0.4215086555732355,8448000,7687,1082
265,-13.061937,12.177704,-107.84592,-7.7529736,493.0,52.0,500.0,-0.043086115,-1.2930342,-0.022150643,-0.0009582773,-1.1282096,0.16793472,0.0009582784,0.0006934017,-0.00030074414,-0.0005619647,0.55423397,0.0022649234,80.0,4304,0.99774617,0.0002472,-18.146461486816406,42.082210540771484,0.42117599608086254,8480000,7716,1135
266,-16.053793,20.01506,-108.0845,-6.7747507,478.83078,26.0,500.0,-0.046133813,-1.8341652,-0.023016825,-0.001940043,-1.656377,0.17935005,0.0019400443,0.0016923376,-0.00059158547,-0.0014349368,0.55344385,0.0023778907,80.0,4304,0.998397,0.000247,-18.08488655090332,42.02815246582031,0.42084332320072254,8512000,7746,1068
267,-11.547408,3.1055896,-26.555511,-7.311372,500.0,500.0,500.0,-0.044161033,-1.038867,-0.013774909,0.0005986696,-0.44532087,0.50714684,-0.0005986695,0.00022072531,-0.0002313286,-0.00014230829,0.5526529,0.0019309897,80.0,4304,1.0015533,0.0002468,-18.022579193115234,41.9739875793457,0.42051066244384017,8544000,7774,1137
268,-15.0907,17.637789,-115.74725,-8.865999,486.9375,55.0,500.0,-0.044920303,-2.3712025,-0.022088304,-0.002059812,-2.1439614,0.26556733,0.0020598124,0.0015367954,-0.00051065703,-0.0011969121,0.55186176,0.0026604154,80.0,4304,0.9967545,0.0002466,-17.96236801147461,41.919898986816406,0.42017798915247767,8576000,7802,1125
269,-14.567865,17.239883,-114.048386,-7.4244213,486.98462,44.0,500.0,-0.047118913,-2.2151184,-0.021060787,-0.0012410117,-1.1543969,0.18713821,0.0012410115,0.0009775518,-0.00046777586,-0.00080781576,0.5510696,0.0024337068,80.0,4304,0.9972974,0.00024639999999999997,-17.902193069458008,41.86619567871094,0.4198453287973447,8608000,7831,1103
270,-13.346096,14.373258,-125.86699,-7.6329117,494.46875,146.0,500.0,-0.04768989,-1.5364046,-0.021750957,0.0001353552,-1.5545206,0.65287757,-0.00013535473,0.0012249287,-0.0005220283,-0.0010016192,0.5502769,0.0022741952,80.0,4304,0.9995297,0.00024619999999999997,-17.8422794342041,41.81249237060547,0.41951265675970073,8640000,7860,1102
271,-14.029252,17.092499,-108.28723,-6.768857,486.01562,46.0,500.0,-0.046191785,-1.5804213,-0.012224071,-0.0012153403,-1.5277832,0.6075623,0.0012153403,0.0016641882,-0.00064402836,-0.0013651316,0.5494837,0.0025843605,80.0,4304,0.9980111,0.000246,-17.782564163208008,41.7592887878418,0.4191799984699375,8672000,7890,1087
272,-15.26959,17.389194,-110.09619,-6.703311,486.20312,58.0,500.0,-0.048503887,-2.0103605,-0.016041562,-0.0013277038,-1.053445,0.9118371,0.0013277039,0.00178198,-0.0008018641,-0.0014682155,0.5486898,0.0026368797,80.0,4304,0.99838674,0.0002458,-17.72389030456543,41.70587158203125,0.41884732934830854,8704000,7918,1143
273,-12.233459,3.3258178,-26.922688,-8.700259,500.0,500.0,500.0,-0.046446417,-1.421134,-0.00011707842,0.001126163,-0.47302592,0.7568789,-0.0011261636,0.00083823083,-0.0005330737,-0.0006833301,0.54789543,0.0023776232,80.0,4304,1.001746,0.00024559999999999995,-17.66456413269043,41.65242385864258,0.4185146747848845,8736000,7948,1073
274,-14.487396,16.62174,-106.85066,-5.986648,485.59375,29.0,500.0,-0.04497764,-2.2009506,-0.018176876,-0.0011147738,-2.0255785,0.24146356,0.0011147736,0.0019046018,-0.00054741977,-0.0014598656,0.5471,0.0022711018,80.0,4304,1.0002412,0.0002454,-17.60602378845215,41.599609375,0.4181820102389098,8768000,7978,1066
275,-13.158365,12.141669,-106.6705,-7.243333,492.96875,50.0,500.0,-0.044939414,-1.858083,0.031067356,-0.00026831508,-0.83584,0.35096595,0.0002683149,0.0006774014,-0.0003830785,-0.0004963559,0.54630417,0.0017028427,80.0,4304,0.9999465,0.0002452,-17.547761917114258,41.546756744384766,0.41784933615436937,8800000,8007,1108
276,-13.171394,12.303042,-108.30701,-7.565578,493.07812,57.0,500.0,-0.04500577,-2.099835,-0.005479172,-0.00034898845,-0.7623747,0.39863938,0.00034898828,0.0006029599,-0.0004032266,-0.00042014138,0.5455078,0.0021385835,80.0,4304,0.9988384,0.000245,-17.490049362182617,41.49400329589844,0.41751667786084656,8832000,8038,1053
277,-12.809114,12.233916,-107.82087,-6.315027,493.10938,59.0,500.0,-0.04277939,-1.5575753,-0.010944851,-0.00073330116,-1.0441179,0.2977044,0.0007333014,0.00061085436,-0.00034691585,-0.0005012453,0.5447107,0.0020626807,80.0,4304,0.99832034,0.0002448,-17.432558059692383,41.441558837890625,0.41718401087606594,8864000,8070,978
278,-14.583874,17.464851,-113.14169,-6.710796,486.8154,71.0,500.0,-0.045437243,-2.4504936,0.026230164,-0.0013466008,-0.7593659,0.25528577,0.0013466014,0.0009412843,-0.00051254145,-0.0007588412,0.5439129,0.0023412746,80.0,4304,0.99834305,0.0002446,-17.376184463500977,41.38935852050781,0.41685133564300547,8896000,8103,968
279,-15.449032,17.474937,-112.10332,-7.486235,487.17188,52.0,500.0,-0.04935723,-1.9738915,-0.018629424,-0.0010566233,-0.93084824,0.6966007,0.0010566235,0.0014332596,-0.0007715067,-0.0011186702,0.54311466,0.0033716876,80.0,4304,0.9979725,0.0002444,-17.320823669433594,41.3369026184082,0.4165186774307533,8928000,8132,1130
280,-13.49501,12.352305,-107.84374,-8.428154,492.92188,47.0,500.0,-0.04332755,-0.8668219,0.019004226,-0.00060832244,-1.7243888,0.450899,0.0006083225,0.0011208885,-0.00046858608,-0.00091923686,0.5423155,0.0020376984,80.0,4304,0.99916446,0.00024419999999999997,-17.264631271362305,41.284820556640625,0.41618601181550746,8960000,8161,1108
281,-13.635184,11.774479,-104.04818,-7.33526,492.60938,27.0,500.0,-0.042963844,-1.3981308,0.007943474,-0.00042090475,-1.2424887,0.59136194,0.00042090385,0.00056101347,-0.00032622225,-0.00044134486,0.5415159,0.001792941,80.0,4304,0.9975382,0.000244,-17.20878791809082,41.2327766418457,0.41585333923923135,8992000,8190,1106
282,-11.566734,2.6953464,-18.254883,-7.2282605,500.0,500.0,500.0,-0.04200206,-0.7352426,-0.01914119,0.00021602762,-0.21460538,0.4874519,-0.0002160276,0.00016131382,-0.00020500655,-0.000117519725,0.54071563,0.0016520561,80.0,4304,1.0001867,0.00024379999999999996,-17.152847290039062,41.180965423583984,0.415520660143549,9024000,8220,1062
283,-13.30739,12.01759,-107.09572,-7.4212656,492.92188,47.0,500.0,-0.043888777,-2.670194,-0.019401371,-0.0008366424,-1.4978908,0.2628382,0.00083664164,0.0010249526,-0.0003372574,-0.00076630217,0.5399146,0.0017597784,80.0,4304,0.99853635,0.00024359999999999999,-17.097740173339844,41.1294059753418,0.4151879997168765,9056000,8248,1121
284,-13.007395,12.947982,-113.99231,-7.415843,493.57812,89.0,500.0,-0.044208344,-1.999965,-0.013556413,-0.00087305333,-0.76821595,0.14307287,0.00087305385,0.00048217506,-0.0003112243,-0.00037236584,0.5391131,0.0019531497,80.0,4304,0.9977534,0.00024339999999999998,-17.043190002441406,41.078067779541016,0.4148553336133654,9088000,8278,1093
285,-12.953032,12.208552,-107.73754,-7.6839514,493.09375,58.0,500.0,-0.044859167,-1.2387167,-0.019296855,-0.000502503,-1.2631354,0.40903458,0.00050250324,0.00074042246,-0.00036062242,-0.000577078,0.53831095,0.0018031625,80.0,4304,1.0002053,0.00024319999999999998,-16.988815307617188,41.02690124511719,0.4145226622736152,9120000,8306,1115
286,-11.276739,2.2089317,-17.061398,-7.206456,500.0,500.0,500.0,-0.04346939,-0.3185519,-0.0210599,0.00039849835,-0.061878037,0.1618641,-0.0003984983,5.1080708e-05,-0.00013525519,-2.3284352e-05,0.5375081,0.00167634,80.0,4304,0.99997544,0.000243,-16.934307098388672,40.97578430175781,0.4141900108255301,9152000,8336,1097
287,-12.904589,12.777129,-112.455124,-7.215707,493.5,84.0,500.0,-0.044621497,-1.7904253,-0.020060055,-0.0008253011,-0.9276012,0.09536802,0.0008253012,0.0006376374,-0.00032420084,-0.0005059972,0.53670454,0.0017337865,80.0,4304,0.9984368,0.0002428,-16.880918502807617,40.92485809326172,0.41385733031389815,9184000,8366,1064
288,-15.857384,21.374178,-120.113174,-6.563143,479.59375,42.0,500.0,-0.047754616,-2.446674,-0.022378147,-0.002437237,-1.0835524,0.13112745,0.0024372372,0.0017200912,-0.00062362355,-0.0013666756,0.53590024,0.0025910656,80.0,4304,0.9961158,0.00024259999999999996,-16.828683853149414,40.87441635131836,0.41352467053375463,9216000,8395,1110
289,-13.566017,12.251963,-107.482956,-6.320191,493.14062,61.0,500.0,-0.04792747,-1.6100923,0.03346029,0.00026426362,-1.1771919,0.48876172,-0.0002642641,0.0008572973,-0.00055839244,-0.00061536033,0.53509563,0.0024262145,80.0,4304,0.9999772,0.00024239999999999998,-16.7761173248291,40.823646545410156,0.4131920072366738,9248000,8423,1131
290,-11.27787,2.696074,-20.39704,-7.268928,500.0,500.0,500.0,-0.04293361,-0.40951383,-0.002972655,0.00041666572,-0.10945674,0.1552494,-0.0004166657,5.9314025e-05,-0.00016446589,-2.4357356e-05,0.5342902,0.0018343261,80.0,4304,1.0008245,0.00024219999999999998,-16.72307014465332,40.773155212402344,0.4128593408615314,9280000,8452,1092
291,-13.560881,12.787934,-112.90298,-6.7558794,493.23438,67.0,500.0,-0.04656526,-2.7365615,-0.015914612,-0.00045281043,-0.8586618,0.2886273,0.0004528106,0.00051854237,-0.00032951537,-0.000409244,0.53348404,0.0020701876,80.0,4304,0.99932617,0.00024199999999999997,-16.671192169189453,40.7227668762207,0.4125266718468561,9312000,8481,1110
292,-11.411339,2.885049,-23.99211,-6.774749,500.0,500.0,500.0,-0.043224886,-0.9864437,-0.021067835,0.00046745903,-0.25793597,0.5044943,-0.00046745912,0.00025364515,-0.00025628816,-0.00018745504,0.53267765,0.0020476792,80.0,4304,0.9998048,0.0002418,-16.618972778320312,40.6724967956543,0.4121940006308284,9344000,8510,1101
293,-14.205245,18.281763,-116.79582,-6.896856,487.4375,88.0,500.0,-0.045761637,-1.959144,-0.027398042,-0.0017064228,-0.9923442,0.23202357,0.0017064225,0.00096427614,-0.0004986904,-0.0008208257,0.53186995,0.002556859,80.0,4304,0.99673355,0.0002416,-16.56832504272461,40.62275695800781,0.4118613276512799,9376000,8538,1142
294,-10.640241,2.3135636,-18.523623,-6.0133257,500.0,500.0,500.0,-0.040592756,-0.49138677,-0.015688024,0.00024856153,-0.05459558,0.2605951,-0.00024856153,4.3962475e-05,-0.000110907786,-2.232251e-05,0.53106207,0.0015372648,80.0,4304,0.9993288,0.00024139999999999996,-16.51651382446289,40.572998046875,0.4115286778747126,9408000,8568,1084
295,-12.6247635,11.916796,-105.819534,-7.3763337,492.89062,45.0,500.0,-0.042964127,-2.4490635,-0.024265826,-0.00046823424,-0.9755095,0.25193995,0.00046823433,0.0006058299,-0.0002783085,-0.0004099755,0.53025335,0.0019865097,80.0,4304,0.9991111,0.00024119999999999998,-16.4655818939209,40.52340316772461,0.4111960026603888,9440000,8598,1071
296,-11.820424,3.47627,-25.16145,-7.412679,500.0,500.0,500.0,-0.043169204,-0.66152835,-0.022491582,0.00033934708,-0.16565594,0.4091801,-0.0003393471,0.00016880073,-0.00026782224,-0.00010910539,0.5294438,0.0021719611,80.0,4304,0.9996312,0.00024099999999999998,-16.414880752563477,40.473655700683594,0.41086332699393735,9472000,8627,1105
